city,state,year,amount,place_lat,place_lon,type,num_libraries,library
Cincinnati,Ohio,1904,23000,39.1623965,-84.4517294,non_academic,9,"Carnegie Public Library, Norwood, Ohio"
Camden,New Jersey,1903,120000,39.9425241,-75.1164689,non_academic,3,"Carnegie Public Library, Camden, New Jersey"
Birmingham,Alabama,1905,10000,33.5116331,-86.8965344,non_academic,3,"Carnegie Public Library, Birmingham, Alabama"
Detroit,Michigan,1901,750000,42.331427,-83.0457538,non_academic,9,"Carnegie Public Library, Detroit, Michigan"
Duluth,Minnesota,1899,125000,46.7866719,-92.1004852,non_academic,3,"Carnegie Public Library, Duluth, Minnesota"
Waterloo,Iowa,1902,45000,42.492786,-92.3425775,non_academic,2,"Carnegie Public Library, Waterloo, Iowa"
Montclair,New Jersey,1901,60000,40.8407016,-74.2045303,non_academic,2,"Carnegie Public Library, Montclair, New Jersey"
Indianapolis,Indiana,1909,100000,39.76909,-86.1580180,non_academic,5,"Carnegie Public Library, Indianapolis, Indiana"
Houston,Texas,1899,65000,29.7600771,-95.3701108,non_academic,2,"Carnegie Public Library, Houston, Texas"
Louisville,Kentucky,1899,450000,38.2468618,-85.7663724,non_academic,9,"Carnegie Public Library, Louisville, Kentucky"
San Francisco,California,1901,750000,37.7749295,-122.4194155,non_academic,8,"Carnegie Public Library, San Francisco, California"
Washington,District of Columbia,1899,682000,38.9071923,-77.0368707,non_academic,3,"Carnegie Public Library, Washington, District of Columbia"
Oakland,California,1899,190000,37.8043514,-122.2711639,non_academic,5,"Carnegie Public Library, Oakland, California"
Santa Cruz,California,1902,29000,36.9741171,-122.0307963,non_academic,4,"Carnegie Public Library, Santa Cruz, California"
Bridgeport,Connecticut,1914,50000,41.1792258,-73.1894384,non_academic,2,"Carnegie Public Library, Bridgeport, Connecticut"
Colorado City,Colorado,1903,10000,37.9452861,-104.8352628,non_academic,2,"Carnegie Public Library, Colorado City, Colorado"
Dallas,Texas,1899,76000,32.7766642,-96.7969879,non_academic,2,"Carnegie Public Library, Dallas, Texas"
Danville,Illinois,1901,65000,40.124481,-87.6300207,non_academic,2,"Carnegie Public Library, Danville, Illinois"
Dayton,Ohio,1911,50000,39.7589478,-84.1916069,non_academic,2,"Carnegie Public Library, Dayton, Ohio"
East Chicago,Indiana,1903,40000,41.6392024,-87.4547635,non_academic,2,"Carnegie Public Library, East Chicago, Indiana"
Elizabeth,New Jersey,1910,130810,40.6625722,-74.2066915,non_academic,2,"Carnegie Public Library, Elizabeth, New Jersey"
Greensboro,North Carolina,1902,40446,36.0725632,-79.7915340,non_academic,2,"Carnegie Public Library, Greensboro, North Carolina"
Kansas City,Kansas,1901,100000,39.1155314,-94.6267873,non_academic,2,"Carnegie Public Library, Kansas City, Kansas"
Lincoln,Nebraska,1899,87000,40.8136634,-96.7025764,non_academic,2,"Carnegie Public Library, Lincoln, Nebraska"
Lynn,Massachusetts,1915,50000,42.466763,-70.9494938,non_academic,2,"Carnegie Public Library, Lynn, Massachusetts"
Madison,Wisconsin,1901,90000,43.0721661,-89.4007501,non_academic,2,"Carnegie Public Library, Madison, Wisconsin"
Meridian,Mississippi,1904,38000,32.3643098,-88.7036560,non_academic,2,"Carnegie Public Library, Meridian, Mississippi"
Norfolk,Virginia,1901,70000,36.8507689,-76.2858726,non_academic,2,"Carnegie Public Library, Norfolk, Virginia"
Racine,Wisconsin,1901,60000,42.7261309,-87.7828523,non_academic,2,"Carnegie Public Library, Racine, Wisconsin"
Santa Monica,California,1903,25000,34.0194543,-118.4911912,non_academic,2,"Carnegie Public Library, Santa Monica, California"
Savannah,Georgia,1910,87000,32.0808989,-81.0912030,non_academic,2,"Carnegie Public Library, Savannah, Georgia"
Sioux City,Iowa,1911,85000,42.4963416,-96.4049408,non_academic,2,"Carnegie Public Library, Sioux City, Iowa"
Saint Joseph,Missouri,1901,50000,39.7674578,-94.8466810,non_academic,2,"Carnegie Public Library, Saint Joseph, Missouri"
Superior,Wisconsin,1901,70000,46.7207737,-92.1040796,non_academic,2,"Carnegie Public Library, Superior, Wisconsin"
East Orange,New Jersey,1900,116000,40.7609451,-74.2110209,non_academic,3,"Carnegie Public Library, East Orange, New Jersey"
Evansville,Indiana,1911,60000,37.9715592,-87.5710898,non_academic,3,"Carnegie Public Library, Evansville, Indiana"
Gary,Indiana,1910,90000,41.6020403,-87.3371523,non_academic,3,"Carnegie Public Library, Gary, Indiana"
Nashville,Tennessee,1901,175000,36.1626638,-86.7816016,non_academic,5,"Carnegie Public Library, Nashville, Tennessee"
New Haven,Connecticut,1913,60000,41.308274,-72.9278835,non_academic,3,"Carnegie Public Library, New Haven, Connecticut"
Somerville,Massachusetts,1907,123000,42.3875968,-71.0994968,non_academic,3,"Carnegie Public Library, Somerville, Massachusetts"
Saint Paul,Minnesota,1914,75000,44.9537029,-93.0899578,non_academic,3,"Carnegie Public Library, Saint Paul, Minnesota"
Worcester,Massachusetts,1910,75000,42.3074242,-71.7990468,non_academic,3,"Carnegie Public Library, Worcester, Massachusetts"
Atlanta,Georgia,1898,202000,33.7501275,-84.3885209,non_academic,4,"Carnegie Public Library, Atlanta, Georgia"
Washington,District of Columbia,1907,50000,38.9243456,-77.0227558,academic,4,"Carnegie Academic Library, Howard University"
Minneapolis,Minnesota,1912,125000,44.977753,-93.2650108,non_academic,4,"Carnegie Public Library, Minneapolis, Minnesota"
Spokane,Washington,1903,155000,47.6579711,-117.4235318,non_academic,4,"Carnegie Public Library, Spokane, Washington"
Springfield,Massachusetts,1905,260000,42.1014831,-72.5898110,non_academic,4,"Carnegie Public Library, Springfield, Massachusetts"
Toledo,Ohio,1905,125000,41.6528052,-83.5378674,non_academic,5,"Carnegie Public Library, Toledo, Ohio"
New Orleans,Louisiana,1902,350000,29.9508941,-90.0758356,non_academic,6,"Carnegie Public Library, New Orleans, Louisiana"
Portland,Oregon,1901,165000,45.515232,-122.6783853,non_academic,6,"Carnegie Public Library, Portland, Oregon"
St. Louis,Missouri,1901,1000000,38.6270025,-90.1994042,non_academic,7,"Carnegie Public Library, St. Louis, Missouri"
Los Angeles,California,1911,210000,34.0542204,-118.2458278,non_academic,8,"Carnegie Public Library, Los Angeles, California"
Seattle,Washington,1901,430000,47.6061389,-122.3328481,non_academic,8,"Carnegie Public Library, Seattle, Washington"
Denver,Colorado,1902,360000,39.7392358,-104.9902510,non_academic,9,"Carnegie Public Library, Denver, Colorado"
Pittsburgh,Pennsylvania,1890,1160614,40.4406248,-79.9958864,non_academic,9,"Carnegie Public Library, Pittsburgh, Pennsylvania"
Baltimore,Maryland,1906,500000,39.2903848,-76.6121893,non_academic,15,"Carnegie Public Library, Baltimore, Maryland"
Cleveland,Ohio,1903,590000,41.49932,-81.6943605,non_academic,15,"Carnegie Public Library, Cleveland, Ohio"
Philadelphia,Pennsylvania,1903,1500000,39.9525839,-75.1652215,non_academic,25,"Carnegie Public Library, Philadelphia, Pennsylvania"
New York,New York,1899,5202621,40.7127753,-74.0059728,non_academic,66,"Carnegie Public Library, New York, New York"
Aberdeen,South Dakota,1901,15000,45.4615152,-98.4843654,non_academic,,"Carnegie Public Library, Aberdeen, South Dakota"
Aberdeen,Washington,1907,15000,46.975294,-123.8175910,non_academic,,"Carnegie Public Library, Aberdeen, Washington"
Abilene,Kansas,1905,12500,38.9187393,-97.2154541,non_academic,,"Carnegie Public Library, Abilene, Kansas"
Abilene,Texas,1907,17500,32.4508058,-99.7355491,non_academic,,"Carnegie Public Library, Abilene, Texas"
Adrian,Michigan,1904,27500,41.8984787,-84.0348996,non_academic,,"Carnegie Public Library, Adrian, Michigan"
Decatur,Georgia,1906,25000,33.7682497,-84.2944433,academic,,"Carnegie Academic Library, Agnes Scott College"
Aitkin,Minnesota,1908,6500,46.5326407,-93.7046777,non_academic,,"Carnegie Public Library, Aitkin, Minnesota"
Akron,Indiana,1913,12500,41.0383195,-86.0267824,non_academic,,"Carnegie Public Library, Akron, Indiana"
Akron,Ohio,1901,82000,41.0834144,-81.5168817,non_academic,,"Carnegie Public Library, Akron, Ohio"
Huntsville,Alabama,1904,16540,34.7838409,-86.5722237,academic,,
Alameda,California,1899,35000,37.76681,-122.2423415,non_academic,,"Carnegie Public Library, Alameda, California"
Alamosa,Colorado,1908,6000,37.4694491,-105.8700214,non_academic,,"Carnegie Public Library, Alamosa, Colorado"
Albany,Georgia,1905,10700,31.5781483,-84.1539749,non_academic,,"Carnegie Public Library, Albany, Georgia"
Albany,Missouri,1903,12500,40.247996,-94.3319340,non_academic,,"Carnegie Public Library, Albany, Missouri"
Albany,Oregon,1911,12500,44.6353584,-123.1073643,non_academic,,"Carnegie Public Library, Albany, Oregon"
Albert Lea,Minnesota,1902,13000,43.6501257,-93.3667815,non_academic,,"Carnegie Public Library, Albert Lea, Minnesota"
Albia,Iowa,1905,10000,41.0300078,-92.8113070,non_academic,,"Carnegie Public Library, Albia, Iowa"
Albion,Indiana,1916,10000,41.3956043,-85.4244241,non_academic,,"Carnegie Public Library, Albion, Indiana"
Albion,Michigan,1903,17500,42.2419499,-84.7525767,non_academic,,"Carnegie Public Library, Albion, Michigan"
Albion,Nebraska,1907,6000,41.689134,-97.9992807,non_academic,,"Carnegie Public Library, Albion, Nebraska"
Alden,Iowa,1913,9000,42.5196606,-93.3745601,non_academic,,"Carnegie Public Library, Alden, Iowa"
Aledo,Illinois,1913,10000,41.1997568,-90.7493063,non_academic,,"Carnegie Public Library, Aledo, Illinois"
Alexandria,Indiana,1902,14000,40.263373,-85.6735990,non_academic,,"Carnegie Public Library, Alexandria, Indiana"
Alexandria,Louisiana,1907,10000,31.3093448,-92.4441488,non_academic,,"Carnegie Public Library, Alexandria, Louisiana"
Alexandria,Minnesota,1903,12000,45.8836382,-95.3801133,non_academic,,"Carnegie Public Library, Alexandria, Minnesota"
Alfred,New York,1906-13,30000,42.2531414,-77.7883030,academic,,"Carnegie Academic Library, Alfred University"
Algona,Iowa,1903,10000,43.0699663,-94.2330190,non_academic,,"Carnegie Public Library, Algona, Iowa"
Allegan,Michigan,1913,10000,42.5274819,-85.8523806,non_academic,,"Carnegie Public Library, Allegan, Michigan"
Pittsburgh,Pennsylvania,1890,481012,40.4450813,-80.0087746,non_academic,,"Carnegie Public Library, Pittsburgh, Pennsylvania"
Alliance,Nebraska,1909,10000,42.0930235,-102.8702006,non_academic,,"Carnegie Public Library, Alliance, Nebraska"
Alliance,Ohio,1903,25000,40.9188562,-81.1023147,non_academic,,"Carnegie Public Library, Alliance, Ohio"
Alma,Nebraska,1907,10000,40.0975108,-99.3620427,non_academic,,"Carnegie Public Library, Alma, Nebraska"
Alturas,California,1908,10000,41.4863012,-120.5442761,non_academic,,"Carnegie Public Library, Alturas, California"
American Fork,Utah,1919,10000,40.37554,-111.7963410,non_academic,,"Carnegie Public Library, American Fork, Utah"
Montgomery,New Jersey,1922-25,275000,40.3986419,-74.6496973,academic,,
Americus,Georgia,1908,20000,32.0723861,-84.2326876,non_academic,,"Carnegie Public Library, Americus, Georgia"
Ames,Iowa,1903,16000,42.0263983,-93.6125116,non_academic,,"Carnegie Public Library, Ames, Iowa"
Amherst,Ohio,1904,10000,41.3980136,-82.2223803,non_academic,,"Carnegie Public Library, Amherst, Ohio"
Amsterdam,New York,1902,25000,42.9364055,-74.1890942,non_academic,,"Carnegie Public Library, Amsterdam, New York"
Anacortes,Washington,1908,10000,48.5147855,-122.6165134,non_academic,,"Carnegie Public Library, Anacortes, Washington"
Anaheim,California,1907,10000,33.8335942,-117.9135153,non_academic,,"Carnegie Public Library, Anaheim, California"
Anderson,Indiana,1902,50000,40.1040475,-85.6777025,non_academic,,"Carnegie Public Library, Anderson, Indiana"
Anderson,South Carolina,1905,18700,34.5062965,-82.6483314,non_academic,,"Carnegie Public Library, Anderson, South Carolina"
Andover,New York,1911,5000,42.1561104,-77.7954179,non_academic,,"Carnegie Public Library, Andover, New York"
Andrews,North Carolina,1914,5000,35.200454,-83.8271530,non_academic,,"Carnegie Public Library, Andrews, North Carolina"
Angola,Indiana,1909,10000,41.6321842,-84.9998879,non_academic,,"Carnegie Public Library, Angola, Indiana"
Ann Arbor,Michigan,1903,30000,42.2781739,-83.7458934,non_academic,,"Carnegie Public Library, Ann Arbor, Michigan"
Anniston,Alabama,1916,20000,33.656922,-85.8282090,non_academic,,"Carnegie Public Library, Anniston, Alabama"
Anoka,Minnesota,1903,12500,45.1983144,-93.3862796,non_academic,,"Carnegie Public Library, Anoka, Minnesota"
Anthony,Kansas,1908,10000,37.1519822,-98.0226870,non_academic,,"Carnegie Public Library, Anthony, Kansas"
Antigo,Wisconsin,1903,15000,45.1413243,-89.1537701,non_academic,,"Carnegie Public Library, Antigo, Wisconsin"
Antioch,California,1915,2500,38.0049214,-121.8057890,non_academic,,"Carnegie Public Library, Antioch, California"
Arcadia,Nebraska,1916,7000,41.4230554,-99.1255491,non_academic,,"Carnegie Public Library, Arcadia, Nebraska"
Arcadia,Wisconsin,1905,5000,44.2527405,-91.5015432,non_academic,,"Carnegie Public Library, Arcadia, Wisconsin"
Arcola,Illinois,1903,10000,39.684257,-88.3032940,non_academic,,"Carnegie Public Library, Arcola, Illinois"
Ardmore,Oklahoma,1903,15000,34.1742611,-97.1436254,non_academic,,"Carnegie Public Library, Ardmore, Oklahoma"
Arkansas City,Kansas,1906,18400,37.0610389,-97.0430221,non_academic,,"Carnegie Public Library, Arkansas City, Kansas"
Armada,Michigan,1913,8000,42.841953,-82.8829889,non_academic,,"Carnegie Public Library, Armada, Michigan"
Armour,South Dakota,1914,7500,43.3204437,-98.3468681,non_academic,,"Carnegie Public Library, Armour, South Dakota"
Ashland,Massachusetts,1903,10000,42.260802,-71.4632360,non_academic,,"Carnegie Public Library, Ashland, Massachusetts"
Ashland,Nebraska,1911,5500,41.0392645,-96.3677539,non_academic,,"Carnegie Public Library, Ashland, Nebraska"
Ashland,Oregon,1909,15000,42.1939598,-122.7097514,non_academic,,"Carnegie Public Library, Ashland, Oregon"
Ashtabula,Ohio,1901,15000,41.8650534,-80.7898089,non_academic,,"Carnegie Public Library, Ashtabula, Ohio"
Athens,Ohio,1903,30000,39.3254282,-82.1002278,non_academic,,"Carnegie Public Library, Athens, Ohio"
Athol,Massachusetts,1902,22000,42.5941507,-72.2284972,non_academic,,"Carnegie Public Library, Athol, Massachusetts"
Atlanta,Georgia,1904,25000,33.7515371,-84.4135506,academic,,"Carnegie Academic Library, Atlanta University"
Atlanta,Indiana,1916,10000,40.2153151,-86.0263746,non_academic,,"Carnegie Public Library, Atlanta, Indiana"
Atlantic City,New Jersey,1903,71075,39.3625901,-74.4281753,non_academic,,"Carnegie Public Library, Atlantic City, New Jersey"
Atlantic,Iowa,1902,12500,41.4054278,-95.0149071,non_academic,,"Carnegie Public Library, Atlantic, Iowa"
Attica,Indiana,1903,10000,40.2918498,-87.2494047,non_academic,,"Carnegie Public Library, Attica, Indiana"
Auburn,Alabama,1905,30000,32.5980549,-85.4942667,academic,,
Auburn,California,1907,10000,38.8999397,-121.0707878,non_academic,,"Carnegie Public Library, Auburn, California"
Auburn,Maine,1903,25000,44.098172,-70.2292770,non_academic,,"Carnegie Public Library, Auburn, Maine"
Auburn,Washington,1912,9000,47.3073228,-122.2284532,non_academic,,"Carnegie Public Library, Auburn, Washington"
Audubon,Iowa,1911,9000,41.7215893,-94.9313697,non_academic,,"Carnegie Public Library, Audubon, Iowa"
Aurora,Illinois,1901,50000,41.7570671,-88.3200308,non_academic,,"Carnegie Public Library, Aurora, Illinois"
Aurora,Missouri,1913,9000,36.9737133,-93.7191953,non_academic,,"Carnegie Public Library, Aurora, Missouri"
Aurora,Nebraska,1909,10000,40.8678338,-97.9971135,non_academic,,"Carnegie Public Library, Aurora, Nebraska"
Austin,Minnesota,1901,15000,43.6666296,-92.9746367,non_academic,,"Carnegie Public Library, Austin, Minnesota"
Avon-by-the-Sea,New Jersey,1916,5000,40.1926842,-74.0215746,non_academic,,"Carnegie Public Library, Avon-by-the-Sea, New Jersey"
Birmingham,Alabama,1907,10000,33.5232514,-86.7898321,non_academic,,"Carnegie Public Library, Birmingham, Alabama"
Azusa,California,1908,10000,34.1349978,-117.9051935,non_academic,,"Carnegie Public Library, Azusa, California"
Baldwin City,Kansas,1906,37000,38.7773051,-95.1881861,academic,,"Carnegie Academic Library, Baker University"
Baker City,Oregon,1907,25000,44.7748748,-117.8343848,non_academic,,"Carnegie Public Library, Baker City, Oregon"
Seattle,Washington,1903,15000,47.6792172,-122.3860312,non_academic,,"Carnegie Public Library, Seattle, Washington"
Ballinger,Texas,1908,17500,31.7399325,-99.9501219,non_academic,,"Carnegie Public Library, Ballinger, Texas"
Baraboo,Wisconsin,1902,15000,43.4712667,-89.7456512,non_academic,,"Carnegie Public Library, Baraboo, Wisconsin"
Barnesville,Georgia,1909,10000,33.0517617,-84.1574819,non_academic,,"Carnegie Public Library, Barnesville, Georgia"
Barron,Wisconsin,1912,7000,45.4018783,-91.8536834,non_academic,,"Carnegie Public Library, Barron, Wisconsin"
Dewey,Oklahoma,1908,12500,36.7999054,-95.9372371,non_academic,,"Carnegie Public Library, Bartlesville, Oklahoma"
Bartow,Florida,1911,8000,27.8975975,-81.8442519,non_academic,,"Carnegie Public Library, Bartow, Florida"
Basin,Wyoming,1908,17500,44.3814637,-108.0414216,non_academic,,"Carnegie Public Library, Basin, Wyoming"
Bay City,Michigan,1916,35000,43.5973592,-83.8854985,non_academic,,"Carnegie Public Library, Bay City, Michigan"
Bayfield,Wisconsin,1903,10000,46.8120528,-90.8176194,non_academic,,"Carnegie Public Library, Bayfield, Wisconsin"
Glenn,California,1916,4000,39.5827642,-122.0467339,non_academic,,"Carnegie Public Library, Bayliss, California"
Bayonne,New Jersey,1903,81118,40.6717045,-74.1156939,non_academic,,"Carnegie Public Library, Bayonne, New Jersey"
Beardstown,Illinois,1903,10000,40.0175483,-90.4242916,non_academic,,"Carnegie Public Library, Beardstown, Illinois"
Beatrice,Nebraska,1902,23000,40.2659269,-96.7466913,non_academic,,"Carnegie Public Library, Beatrice, Nebraska"
Beaufort,South Carolina,1914,7500,32.432248,-80.6704285,non_academic,,"Carnegie Public Library, Beaufort, South Carolina"
Beaumont,California,1913,10000,33.9320774,-116.9812044,non_academic,,"Carnegie Public Library, Beaumont, California"
Beaver Falls,Pennsylvania,1899,50000,40.7542358,-80.3199275,non_academic,,"Carnegie Public Library, Beaver Falls, Pennsylvania"
Beaver,Utah,1913,10000,38.273966,-112.6422498,non_academic,,"Carnegie Public Library, Beaver, Utah"
Bedford,Indiana,1902,20000,38.8636606,-86.4859563,non_academic,,"Carnegie Public Library, Bedford, Indiana"
Bedford,Iowa,1907,10000,40.668111,-94.7209812,non_academic,,"Carnegie Public Library, Bedford, Iowa"
Bellefontaine,Ohio,1903,14000,40.363738,-83.7590603,non_academic,,"Carnegie Public Library, Bellefontaine, Ohio"
Belleville,Illinois,1913,45000,38.5128531,-89.9818939,non_academic,,"Carnegie Public Library, Belleville, Illinois"
Belleville,New Jersey,1909,20000,40.7873846,-74.1528750,non_academic,,"Carnegie Public Library, Belleville, New Jersey"
Bellevue,Ohio,1903,13600,41.2729181,-82.8381450,non_academic,,"Carnegie Public Library, Bellevue, Ohio"
Bellingham,Washington,1903,36000,48.7519112,-122.4786854,non_academic,2,"Carnegie Public Library, Bellingham, Washington"
Belmar,New Jersey,1914,13000,40.1785523,-74.0234015,non_academic,,"Carnegie Public Library, Belmar, New Jersey"
Beloit,Wisconsin,1903,50000,42.5031398,-89.0294262,academic,,"Carnegie Academic Library, Beloit College"
Beloit,Wisconsin,1901,25000,42.5083482,-89.0317765,non_academic,,"Carnegie Public Library, Beloit, Wisconsin"
Belton,Texas,1903,10000,31.0584798,-97.4622896,non_academic,,"Carnegie Public Library, Belton, Texas"
Belvidere,Illinois,1910,17500,42.2616345,-88.8460968,non_academic,,"Carnegie Public Library, Belvidere, Illinois"
Bemidji,Minnesota,1908,12500,47.474004,-94.8824252,non_academic,,"Carnegie Public Library, Bemidji, Minnesota"
Columbia,South Carolina,1904,6000,34.0103349,-81.0200376,academic,,"Carnegie Academic Library, Benedict College"
Benson,Minnesota,1912,7500,45.3149603,-95.6000349,non_academic,,"Carnegie Public Library, Benson, Minnesota"
Benton Harbor,Michigan,1902,20000,42.1158504,-86.4533495,non_academic,,"Carnegie Public Library, Benton Harbor, Michigan"
Berea,Kentucky,1904,30000,37.570585,-84.2889690,academic,,
Berkeley,California,1903,40000,37.8681512,-122.2684630,non_academic,,"Carnegie Public Library, Berkeley, California"
Berkley,Massachusetts,1915,5000,41.8469828,-71.0824268,non_academic,,"Carnegie Public Library, Berkley, Massachusetts"
Berlin,New Hampshire,1902,17000,44.4714066,-71.1782385,non_academic,,"Carnegie Public Library, Berlin, New Hampshire"
Berlin,Wisconsin,1903,12250,43.9694879,-88.9475979,non_academic,,"Carnegie Public Library, Berlin, Wisconsin"
Bessemer,Alabama,1906,10000,33.4012478,-86.9537776,non_academic,,"Carnegie Public Library, Bessemer, Alabama"
Lindsborg,Kansas,1905,20000,38.5805617,-97.6735479,academic,,"Carnegie Academic Library, Bethany College"
Bethany,West Virginia,1905,20000,40.206137,-80.5599469,academic,,"Carnegie Academic Library, Bethany College"
Big Timber,Montana,1911,7500,45.8324442,-109.9530808,non_academic,,"Carnegie Public Library, Big Timber, Montana"
Biggs,California,1906,5000,39.4134793,-121.7103450,non_academic,,"Carnegie Public Library, Biggs, California"
Binghamton,New York,1902,75000,42.1003892,-75.9068550,non_academic,,"Carnegie Public Library, Binghamton, New York"
Bismarck,North Dakota,1916,25000,46.8101706,-100.7836015,non_academic,,"Carnegie Public Library, Bismarck, North Dakota"
Black River Falls,Wisconsin,1914,10000,44.2938012,-90.8505299,non_academic,,"Carnegie Public Library, Black River Falls, Wisconsin"
Blair,Nebraska,1916,10000,41.5438622,-96.1385825,non_academic,,"Carnegie Public Library, Blair, Nebraska"
Bloomfield,Indiana,1908,12000,39.025235,-86.9381590,non_academic,,"Carnegie Public Library, Bloomfield, Indiana"
Bloomfield,Iowa,1911,10000,40.7524147,-92.4166030,non_academic,,"Carnegie Public Library, Bloomfield, Iowa"
Bloomfield,Nebraska,1913,5000,42.5980898,-97.6461739,non_academic,,"Carnegie Public Library, Bloomfield, Nebraska"
Bloomington,Indiana,1901,31000,39.1667051,-86.5304803,non_academic,,"Carnegie Public Library, Bloomington, Indiana"
Blue Island,Illinois,1902,15000,41.6568927,-87.6814285,non_academic,,"Carnegie Public Library, Blue Island, Illinois"
Bluffton,Indiana,1903,13000,40.7384872,-85.1733856,non_academic,,"Carnegie Public Library, Bluffton, Indiana"
Boise,Idaho,1903,40000,43.6178501,-116.1994868,non_academic,,"Carnegie Public Library, Boise, Idaho"
Bolivar,Missouri,1913,8000,37.6134016,-93.4105803,non_academic,,"Carnegie Public Library, Bolivar, Missouri"
Bolivar,New York,1909,5000,42.0652351,-78.1676114,non_academic,,"Carnegie Public Library, Bolivar, New York"
Boonville,Indiana,1913,12000,38.0492131,-87.2741723,non_academic,,"Carnegie Public Library, Boonville, Indiana"
Boston,Georgia,1912,6000,30.790397,-83.7904920,non_academic,,"Carnegie Public Library, Boston, Georgia"
Boswell,Indiana,1910,8000,40.518508,-87.3815450,non_academic,,"Carnegie Public Library, Boswell, Indiana"
Boulder,Colorado,1904,15000,40.0200745,-105.2815126,non_academic,,"Carnegie Public Library, Boulder, Colorado"
Boyne City,Michigan,1916,15000,45.2121563,-85.0129711,non_academic,,"Carnegie Public Library, Boyne City, Michigan"
Bozeman,Montana,1902,15000,45.6793119,-111.0372590,non_academic,,"Carnegie Public Library, Bozeman, Montana"
Braddock,Pennsylvania,1895,357782,40.4034024,-79.8683824,non_academic,,"Carnegie Public Library, Braddock, Pennsylvania"
Bradenton,Florida,1917,10000,27.4985874,-82.5747200,non_academic,,"Carnegie Public Library, Bradenton, Florida"
Bradford,Pennsylvania,1900,40000,41.9569702,-78.6543884,non_academic,,"Carnegie Public Library, Bradford, Pennsylvania"
Brainerd,Minnesota,1903,12000,46.3526733,-94.2020084,non_academic,,"Carnegie Public Library, Brainerd, Minnesota"
Brazil,Indiana,1902,20000,39.524385,-87.1285040,non_academic,,"Carnegie Public Library, Brazil, Indiana"
Brigham City,Utah,1914,12500,41.5107421,-112.0147074,non_academic,,"Carnegie Public Library, Brigham City, Utah"
Bristolville,Ohio,1911,6000,41.3869667,-80.8675231,non_academic,,"Carnegie Public Library, Bristolville, Ohio"
Britt,Iowa,1916,8000,43.0957336,-93.8021087,non_academic,,"Carnegie Public Library, Britt, Iowa"
Britton,South Dakota,1914,7500,45.7921941,-97.7510983,non_academic,,"Carnegie Public Library, Britton, South Dakota"
Brockton,Massachusetts,1910,110000,42.0798006,-71.0222872,non_academic,,"Carnegie Public Library, Brockton, Massachusetts"
Broken Bow,Nebraska,1914,10000,41.4032836,-99.6414235,non_academic,,"Carnegie Public Library, Broken Bow, Nebraska"
Bronson,Michigan,1910,8500,41.8734868,-85.1950310,non_academic,,"Carnegie Public Library, Bronson, Michigan"
Brook,Indiana,1913,7000,40.8664258,-87.3636368,non_academic,,"Carnegie Public Library, Brook, Indiana"
Brookfield,Illinois,1912,10000,41.8259991,-87.8487008,non_academic,,"Carnegie Public Library, Brookfield, Illinois"
Brookfield,Missouri,1916,12000,39.7857555,-93.0734258,non_academic,,"Carnegie Public Library, Brookfield, Missouri"
Brookings,South Dakota,1907,10000,44.30825,-96.7959622,non_academic,,"Carnegie Public Library, Brookings, South Dakota"
Brookston,Indiana,1915,10000,40.6035509,-86.8682083,non_academic,,"Carnegie Public Library, Brookston, Indiana"
Brookville,Indiana,1910,10000,39.4246031,-85.0121590,non_academic,,"Carnegie Public Library, Brookville, Indiana"
Providence,Rhode Island,1905,150000,41.8269655,-71.4001670,academic,,"Carnegie Academic Library, Brown University"
Browns Valley,Minnesota,1914,5500,45.5946514,-96.8326650,non_academic,,"Carnegie Public Library, Browns Valley, Minnesota"
Brownsburg,Indiana,1912,12500,39.8405406,-86.3879523,non_academic,,"Carnegie Public Library, Brownsburg, Indiana"
Brownsville,Tennessee,1909,7500,35.5939671,-89.2622910,non_academic,,"Carnegie Public Library, Brownsville, Tennessee"
Brownwood,Texas,1903,15000,31.7093197,-98.9911611,non_academic,,"Carnegie Public Library, Brownwood, Texas"
Brush,Colorado,1914,6000,40.25885,-103.6241149,non_academic,,"Carnegie Public Library, Brush, Colorado"
Bryan,Ohio,1903,10000,41.4749653,-84.5500867,non_academic,,"Carnegie Public Library, Bryan, Ohio"
Bryan,Texas,1902,10000,30.6731084,-96.3722475,non_academic,,"Carnegie Public Library, Bryan, Texas"
Lewisburg,Pennsylvania,1904,30000,40.9543551,-76.8826294,academic,,"Carnegie Academic Library, Bucknell University"
Bucyrus,Ohio,1903,15000,40.8089983,-82.9737890,non_academic,,"Carnegie Public Library, Bucyrus, Ohio"
Buffalo,Wyoming,1909,12500,44.3491565,-106.7001629,non_academic,,"Carnegie Public Library, Buffalo, Wyoming"
Burlington,Kansas,1911,9656,38.1976689,-95.7393086,non_academic,,"Carnegie Public Library, Burlington, Kansas"
Burlington,Vermont,1901,50000,44.4769294,-73.2103817,non_academic,,"Carnegie Public Library, Burlington, Vermont"
Burlington,Washington,1914,5000,48.4743244,-122.3237531,non_academic,,"Carnegie Public Library, Burlington, Washington"
Burwell,Nebraska,1913,5000,41.7818363,-99.1328277,non_academic,,"Carnegie Public Library, Burwell, Nebraska"
Butler,Indiana,1913,10000,41.4300661,-84.8704491,non_academic,,"Carnegie Public Library, Butler, Indiana"
Butler,Pennsylvania,1917,37000,40.863031,-79.8939931,non_academic,,"Carnegie Public Library, Butler, Pennsylvania"
Cadillac,Michigan,1903,15000,44.2471925,-85.3994777,non_academic,,"Carnegie Public Library, Cadillac, Michigan"
Los Angeles,California,1905,10000,34.0699182,-118.4438495,academic,,
Caldwell,Idaho,1912,12500,43.6615049,-116.6882367,non_academic,,"Carnegie Public Library, Caldwell, Idaho"
Caldwell,Kansas,1909,7000,37.0329918,-97.6098077,non_academic,,"Carnegie Public Library, Caldwell, Kansas"
Caldwell,New Jersey,1908,10000,40.8409414,-74.2747621,non_academic,,"Carnegie Public Library, Caldwell, New Jersey"
Calexico,California,1915,10000,32.6695048,-115.4931757,non_academic,,"Carnegie Public Library, Calexico, California"
Cambridge,Ohio,1902,21000,40.0259332,-81.5899473,non_academic,,"Carnegie Public Library, Cambridge, Ohio"
Camden,South Carolina,1914,5000,34.2499989,-80.6067481,non_academic,,"Carnegie Public Library, Camden, South Carolina"
Canastota,New York,1902,10000,43.07846,-75.7554210,non_academic,,"Carnegie Public Library, Canastota, New York"
Cañon City,Colorado,1901,13000,38.4413881,-105.2407193,non_academic,,"Carnegie Public Library, Canon City, Colorado"
Canton,Kansas,1916,6000,38.3869498,-97.4269107,non_academic,,"Carnegie Public Library, Canton, Kansas"
Canton,Ohio,1901,60000,40.797956,-81.3742890,non_academic,,"Carnegie Public Library, Canton, Ohio"
Canton,South Dakota,1904,10000,43.3024663,-96.5921142,non_academic,,"Carnegie Public Library, Canton, South Dakota"
Cape Girardeau,Missouri,1916,25000,37.3058947,-89.5196425,non_academic,,"Carnegie Public Library, Cape Girardeau, Missouri"
Carey,Ohio,1904,8000,40.9523324,-83.3796276,non_academic,,"Carnegie Public Library, Carey, Ohio"
Caribou,Maine,1910,10000,46.860921,-68.0110300,non_academic,,"Carnegie Public Library, Caribou, Maine"
Carlisle,Indiana,1915,10000,38.9633164,-87.4025827,non_academic,,"Carnegie Public Library, Carlisle, Indiana"
Carmel,Indiana,1913,11000,39.9776284,-86.1217583,non_academic,,"Carnegie Public Library, Carmel, Indiana"
Carmi,Illinois,1914,10000,38.0868588,-88.1645100,non_academic,,"Carnegie Public Library, Carmi, Illinois"
Carnegie,Pennsylvania,1898,310000,40.4068431,-80.0854950,non_academic,,"Carnegie Public Library, Carnegie, Pennsylvania"
Carroll,Iowa,1903,10000,42.0642674,-94.8667911,non_academic,,"Carnegie Public Library, Carroll, Iowa"
Carrollton,Illinois,1901,10000,39.300692,-90.4079734,non_academic,,"Carnegie Public Library, Carrollton, Illinois"
Carthage,Missouri,1902,25000,37.1745408,-94.3136435,non_academic,,"Carnegie Public Library, Carthage, Missouri"
Casper,Wyoming,1906,13000,42.8485297,-106.3220204,non_academic,,"Carnegie Public Library, Casper, Wyoming"
Cassopolis,Michigan,1908,10000,41.9117133,-86.0100068,non_academic,,"Carnegie Public Library, Cassopolis, Michigan"
Catskill,New York,1901,20000,42.2173102,-73.8645734,non_academic,,"Carnegie Public Library, Catskill, New York"
Cedar City,Utah,1912,10000,37.6774769,-113.0618931,non_academic,,"Carnegie Public Library, Cedar City, Utah"
Cedar Falls,Iowa,1902,15000,42.5337784,-92.4447322,non_academic,,"Carnegie Public Library, Cedar Falls, Iowa"
Cedar Rapids,Iowa,1901,75000,41.9796216,-91.6675776,non_academic,,"Carnegie Public Library, Cedar Rapids, Iowa"
Cedarville,Ohio,1905,11795,39.7484407,-83.8117945,academic,,"Carnegie Academic Library, Cedarville College"
Celina,Ohio,1904,12000,40.5511861,-84.5711830,non_academic,,"Carnegie Public Library, Celina, Ohio"
Centralia,Illinois,1901,20000,38.5260668,-89.1290579,non_academic,,"Carnegie Public Library, Centralia, Illinois"
Centralia,Washington,1911,15000,46.7161753,-122.9566533,non_academic,,"Carnegie Public Library, Centralia, Washington"
Danville,Kentucky,1913,30000,37.6457144,-84.7790275,academic,,
Chadron,Nebraska,1910,5788,42.8262145,-103.0002163,non_academic,,"Carnegie Public Library, Chadron, Nebraska"
Chanute,Kansas,1904,14500,37.6829021,-95.4523401,non_academic,,"Carnegie Public Library, Chanute, Kansas"
Chariton,Iowa,1903,11000,41.015806,-93.3056430,non_academic,,"Carnegie Public Library, Chariton, Iowa"
Charles City,Iowa,1903,12500,43.0658646,-92.6768809,non_academic,,"Carnegie Public Library, Charles City, Iowa"
Charleston,Illinois,1901,15000,39.493357,-88.1759560,non_academic,,"Carnegie Public Library, Charleston, Illinois"
Charleston,South Carolina,1914,5000,32.7784426,-79.9327054,non_academic,,"Carnegie Public Library, Charleston, South Carolina"
Charlevoix,Michigan,1907,10000,45.316273,-85.2637740,non_academic,,"Carnegie Public Library, Charlevoix, Michigan"
Charlotte,Michigan,1902,12000,42.561204,-84.8379020,non_academic,,"Carnegie Public Library, Charlotte, Michigan"
Charlotte,North Carolina,1901,40000,35.228894,-80.8402170,non_academic,,"Carnegie Public Library, Charlotte, North Carolina"
Chatfield,Minnesota,1913,6000,43.8446788,-92.1874144,non_academic,,"Carnegie Public Library, Chatfield, Minnesota"
Chatham,New York,1901,15000,42.3616774,-73.6021326,non_academic,,"Carnegie Public Library, Chatham, New York"
Chattanooga,Tennessee,1900,50000,35.0443573,-85.3105861,non_academic,,"Carnegie Public Library, Chattanooga, Tennessee"
Cheboygan,Michigan,1908,15000,45.64388,-84.4807870,non_academic,,"Carnegie Public Library, Cheboygan, Michigan"
Chehalis,Washington,1908,10000,46.6647222,-122.9675000,non_academic,,"Carnegie Public Library, Chehalis, Washington"
Chelsea,Massachusetts,1908,60000,42.3936389,-71.0321742,non_academic,,"Carnegie Public Library, Chelsea, Massachusetts"
Cherokee,Iowa,1903,12000,42.748721,-95.5518380,non_academic,,"Carnegie Public Library, Cherokee, Iowa"
Cherryvale,Kansas,1912,10000,37.2681148,-95.5480421,non_academic,,"Carnegie Public Library, Cherryvale, Kansas"
Cheyenne,Wyoming,1899,50000,41.1391588,-104.8187866,non_academic,,"Carnegie Public Library, Cheyenne, Wyoming"
,Pennsylvania,1905,10000,39.9332726,-75.5295085,academic,,
Chicago Heights,Illinois,1902,15000,41.506146,-87.6355995,non_academic,,"Carnegie Public Library, Chicago Heights, Illinois"
Chickasha,Oklahoma,1903,10000,35.0472959,-97.9393602,non_academic,,"Carnegie Public Library, Chickasha, Oklahoma"
Chico,California,1904,10000,39.7277741,-121.8395118,non_academic,,"Carnegie Public Library, Chico, California"
Chillicothe,Illinois,1915,10000,40.9222589,-89.4862025,non_academic,,"Carnegie Public Library, Chillicothe, Illinois"
Chillicothe,Ohio,1903,30000,39.3305401,-82.9826928,non_academic,,"Carnegie Public Library, Chillicothe, Ohio"
Chinook,Montana,1918,15000,48.5921701,-109.2319525,non_academic,,"Carnegie Public Library, Chinook, Montana"
Chippewa Falls,Wisconsin,1902,20000,44.9353049,-91.3938095,non_academic,,"Carnegie Public Library, Chippewa Falls, Wisconsin"
Chula Vista,California,1916,10000,32.6408626,-117.0830511,non_academic,,"Carnegie Public Library, Chula Vista, California"
Cincinnati,Ohio,1902,286000,39.1031182,-84.5120196,non_academic,10,"Carnegie Public Library, Cincinnati, Ohio"
Claremont,New Hampshire,1903,15000,43.3718303,-72.3361770,non_academic,,"Carnegie Public Library, Claremont, New Hampshire"
Clarinda,Iowa,1907,15000,40.7419352,-95.0383130,non_academic,,"Carnegie Public Library, Clarinda, Iowa"
Clarks,Nebraska,1917,7500,41.2167012,-97.8381127,non_academic,,"Carnegie Public Library, Clarks, Nebraska"
Clarksdale,Mississippi,1911,10000,34.2037846,-90.5750543,non_academic,,"Carnegie Public Library, Clarksdale, Mississippi"
Clarkston,Washington,1912,10000,46.4123781,-117.0438384,non_academic,,"Carnegie Public Library, Clarkston, Washington"
Clarksville,Texas,1902,10000,33.6106648,-95.0527220,non_academic,,"Carnegie Public Library, Clarksville, Texas"
Clay Center,Kansas,1909,10000,39.3764793,-97.1242867,non_academic,,"Carnegie Public Library, Clay Center, Kansas"
Clay Center,Nebraska,1915,7000,40.5204718,-98.0552864,non_academic,,"Carnegie Public Library, Clay Center, Nebraska"
Clear Lake,Iowa,1916,8500,43.13834,-93.3827046,non_academic,,"Carnegie Public Library, Clear Lake, Iowa"
Clearwater,Florida,1915,10000,27.967485,-82.8015250,non_academic,,"Carnegie Public Library, Clearwater, Florida"
Cleburne,Texas,1903,20000,32.3474731,-97.3883972,non_academic,,"Carnegie Public Library, Cleburne, Texas"
Clinton,Indiana,1908,12500,39.6569817,-87.3980741,non_academic,,"Carnegie Public Library, Clinton, Indiana"
Clinton,Iowa,1901,45000,41.8444735,-90.1887379,non_academic,,"Carnegie Public Library, Clinton, Iowa"
Clinton,Massachusetts,1901,25000,42.4232376,-71.6835888,non_academic,,"Carnegie Public Library, Clinton, Massachusetts"
Clintonville,Wisconsin,1915,9000,44.621601,-88.7644780,non_academic,,"Carnegie Public Library, Clintonville, Wisconsin"
Clovis,California,1914,7000,36.8252277,-119.7029194,non_academic,,"Carnegie Public Library, Clovis, California"
Clyde,Ohio,1904,12500,41.303849,-82.9776220,non_academic,,"Carnegie Public Library, Clyde, Ohio"
Coalinga,California,1912,20000,36.1414976,-120.3608588,non_academic,,"Carnegie Public Library, Coalinga, California"
Coatesville,Indiana,1914,8000,39.6890868,-86.6703525,non_academic,,"Carnegie Public Library, Coatesville, Indiana"
Cody,Wyoming,1914,15000,44.5263422,-109.0565308,non_academic,,"Carnegie Public Library, Cody, Wyoming"
Coffeyville,Kansas,1911,25000,37.0337181,-95.6201121,non_academic,,"Carnegie Public Library, Coffeyville, Kansas"
Coleraine,Minnesota,1908,15000,47.2871353,-93.4242066,non_academic,,"Carnegie Public Library, Coleraine, Minnesota"
Colfax,Indiana,1915,9000,40.193367,-86.6664352,non_academic,,"Carnegie Public Library, Colfax, Indiana"
Colfax,Iowa,1904,6500,41.676912,-93.2462550,non_academic,,"Carnegie Public Library, Colfax, Iowa"
Emporia,Kansas,1900,30000,38.4133013,-96.1811734,academic,,"Carnegie Academic Library, College of Emporia"
Williamsburg,Virginia,1905-21,45000,37.2698462,-76.7160892,academic,,"Carnegie Academic Library, College of William and Mary"
Lincoln,Nebraska,1914,7500,40.7722232,-96.6522376,non_academic,,"Carnegie Public Library, Lincoln, Nebraska"
Collingswood,New Jersey,1916,15000,39.9158485,-75.0667163,non_academic,,"Carnegie Public Library, Collingswood, New Jersey"
Collinsville,Oklahoma,1915,7500,36.3642015,-95.8401654,non_academic,,"Carnegie Public Library, Collinsville, Oklahoma"
Colorado Springs,Colorado,1903,60000,38.8476598,-104.8610135,non_academic,,"Carnegie Public Library, Colorado Springs, Colorado"
Colton,California,1906,10000,34.0717191,-117.3214594,non_academic,,"Carnegie Public Library, Colton, California"
Columbus,Georgia,1902,30000,32.4586421,-84.9872950,non_academic,,"Carnegie Public Library, Columbus, Georgia"
Columbus,Indiana,1901,15000,39.2041629,-85.9187672,non_academic,,"Carnegie Public Library, Columbus, Indiana"
Columbus,Kansas,1912,10000,37.1721776,-94.8429225,non_academic,,"Carnegie Public Library, Columbus, Kansas"
Columbus,Nebraska,1913,13000,41.4305979,-97.3588983,non_academic,,"Carnegie Public Library, Columbus, Nebraska"
Columbus,Ohio,1901,200000,39.9612739,-82.9900467,non_academic,,"Carnegie Public Library, Columbus, Ohio"
Columbus,Wisconsin,1903,10000,43.3391001,-89.0163317,non_academic,,"Carnegie Public Library, Columbus, Wisconsin"
Colusa,California,1905,10000,39.2143343,-122.0094175,non_academic,,"Carnegie Public Library, Colusa, California"
Concord,California,1915,2500,37.9779776,-122.0310733,non_academic,,"Carnegie Public Library, Concord, California"
Concordia,Kansas,1907,10000,39.5702008,-97.6595598,non_academic,,"Carnegie Public Library, Concordia, Kansas"
Conneaut,Ohio,1904,25000,41.9452127,-80.5566462,non_academic,,"Carnegie Public Library, Conneaut, Ohio"
Connellsville,Pennsylvania,1899,75000,40.0157964,-79.5882597,non_academic,,"Carnegie Public Library, Connellsville, Pennsylvania"
Connersville,Indiana,1907,20000,39.6411589,-85.1410748,non_academic,,"Carnegie Public Library, Connersville, Indiana"
Spartanburg,South Carolina,1904,10000,34.9544038,-81.9177711,academic,,"Carnegie Academic Library, Converse College"
Converse,Indiana,1916,9000,40.5775996,-85.8735037,non_academic,,"Carnegie Public Library, Converse, Indiana"
Coos Bay,Oregon,1913,12500,43.3672213,-124.2131325,non_academic,,"Carnegie Public Library, Coos Bay, Oregon"
Corbin,Kentucky,1914,6000,36.9495019,-84.0947628,non_academic,,"Carnegie Public Library, Corbin, Kentucky"
Cordele,Georgia,1903,17556,31.9692753,-83.7815967,non_academic,,"Carnegie Public Library, Cordele, Georgia"
New Cordell,Oklahoma,1911,9000,35.2899492,-98.9905949,non_academic,,"Carnegie Public Library, Cordell, Oklahoma"
Mount Vernon,Iowa,1903,50000,41.9245439,-91.4237657,academic,,"Carnegie Academic Library, Cornell College"
Corning,California,1913,10000,39.9285583,-122.1798858,non_academic,,"Carnegie Public Library, Corning, California"
Corona,California,1905,11500,33.8749353,-117.5681780,non_academic,,"Carnegie Public Library, Corona, California"
Corry,Pennsylvania,1916,15000,41.9221535,-79.6432530,non_academic,,"Carnegie Public Library, Corry, Pennsylvania"
Corsicana,Texas,1904,25000,32.09257,-96.4665975,non_academic,,"Carnegie Public Library, Corsicana, Texas"
Corydon,Indiana,1912,7500,38.2108485,-86.1266237,non_academic,,"Carnegie Public Library, Corydon, Indiana"
Corydon,Iowa,1917,8000,40.7573699,-93.3191680,non_academic,,"Carnegie Public Library, Corydon, Iowa"
Coshocton,Ohio,1902,17000,40.2720151,-81.8595756,non_academic,,"Carnegie Public Library, Coshocton, Ohio"
Council Bluffs,Iowa,1903,70000,41.2589589,-95.8496552,non_academic,,"Carnegie Public Library, Council Bluffs, Iowa"
Council Grove,Kansas,1903,10000,38.6611187,-96.4919473,non_academic,,"Carnegie Public Library, Council Grove, Kansas"
Covina,California,1905,9000,34.0882157,-117.8873877,non_academic,,"Carnegie Public Library, Covina, California"
Covington,Indiana,1913,10000,40.140335,-87.3956930,non_academic,,"Carnegie Public Library, Covington, Indiana"
Covington,Kentucky,1900,85000,39.0836712,-84.5085536,non_academic,,"Carnegie Public Library, Covington, Kentucky"
Cozad,Nebraska,1917,6000,40.8563961,-99.9856776,non_academic,,"Carnegie Public Library, Cozad, Nebraska"
Cranford,New Jersey,1908,10000,40.6557451,-74.3044235,non_academic,,"Carnegie Public Library, Cranford, New Jersey"
Crawfordsville,Indiana,1901,25000,40.040128,-86.9018281,non_academic,,"Carnegie Public Library, Crawfordsville, Indiana"
Cresco,Iowa,1913,17500,43.3756752,-92.1160736,non_academic,,"Carnegie Public Library, Cresco, Iowa"
Crete,Nebraska,1913,10000,40.6252173,-96.9615141,non_academic,,"Carnegie Public Library, Crete, Nebraska"
Crookston,Minnesota,1903,17500,47.7733926,-96.6047198,non_academic,,"Carnegie Public Library, Crookston, Minnesota"
Crown Point,Indiana,1906,12000,41.4189336,-87.3641337,non_academic,,"Carnegie Public Library, Crown Point, Indiana"
Culver,Indiana,1915,10000,41.2172264,-86.4238482,non_academic,,"Carnegie Public Library, Culver, Indiana"
Cumberland,Wisconsin,1905,10000,45.5340385,-92.0220108,non_academic,,"Carnegie Public Library, Cumberland, Wisconsin"
Cuthbert,Georgia,1912,7000,31.7718713,-84.7889593,non_academic,,"Carnegie Public Library, Cuthbert, Georgia"
Dallas,Oregon,1911,10000,44.9199952,-123.3163178,non_academic,,"Carnegie Public Library, Dallas, Oregon"
Dallas,South Dakota,1913,5000,43.2361121,-99.5170530,non_academic,,"Carnegie Public Library, Dallas, South Dakota"
Danville,Indiana,1902,10000,39.7597196,-86.5222122,non_academic,,"Carnegie Public Library, Danville, Indiana"
Darlington,Indiana,1915,10000,40.1095952,-86.7758437,non_academic,,"Carnegie Public Library, Darlington, Indiana"
Darlington,South Carolina,1916,10000,34.3058287,-79.8726733,non_academic,,"Carnegie Public Library, Darlington, South Carolina"
Darlington,Wisconsin,1904,10000,42.6817909,-90.1168162,non_academic,,"Carnegie Public Library, Darlington, Wisconsin"
Davenport,Iowa,1899,75000,41.5232107,-90.5751466,non_academic,,"Carnegie Public Library, Davenport, Iowa"
David City,Nebraska,1916,10000,41.2525291,-97.1289749,non_academic,,"Carnegie Public Library, David City, Nebraska"
Davidson,North Carolina,1905,20000,35.4984367,-80.8483141,academic,,"Carnegie Academic Library, Davidson College"
Dawson,Georgia,1913,10000,31.7735001,-84.4465826,non_academic,,"Carnegie Public Library, Dawson, Georgia"
Dawson,Minnesota,1916,9000,44.9290911,-96.0556932,non_academic,,"Carnegie Public Library, Dawson, Minnesota"
De Land,Illinois,1911,8000,40.1217238,-88.6450895,non_academic,,"Carnegie Public Library, De Land, Illinois"
Deadwood,South Dakota,1902,15000,44.3763306,-103.7318497,non_academic,,"Carnegie Public Library, Deadwood, South Dakota"
Decatur,Alabama,1903,12000,34.6059253,-86.9833417,non_academic,,"Carnegie Public Library, Decatur, Alabama"
Decatur,Illinois,1901,60000,39.8418705,-88.9529025,non_academic,,"Carnegie Public Library, Decatur, Illinois"
Decatur,Indiana,1904,12000,40.828836,-84.9253260,non_academic,,"Carnegie Public Library, Decatur, Indiana"
Defiance,Ohio,1903,22000,41.2876691,-84.3579483,non_academic,,"Carnegie Public Library, Defiance, Ohio"
Delavan,Illinois,1913,10000,40.3742539,-89.5469002,non_academic,,"Carnegie Public Library, Delavan, Illinois"
Delaware,Ohio,1902,21500,40.299705,-83.0646330,non_academic,,"Carnegie Public Library, Delaware, Ohio"
Dell Rapids,South Dakota,1908,6000,43.8250447,-96.7103655,non_academic,,"Carnegie Public Library, Dell Rapids, South Dakota"
Delphi,Indiana,1904,10000,40.5865567,-86.6718451,non_academic,,"Carnegie Public Library, Delphi, Indiana"
Delphos,Ohio,1911,12500,40.8434521,-84.3428718,non_academic,,"Carnegie Public Library, Delphos, Ohio"
Delta,Colorado,1911,6500,38.7385469,-108.0698240,non_academic,,"Carnegie Public Library, Delta, Colorado"
Denison,Iowa,1902,12500,42.0154609,-95.3533554,non_academic,,"Carnegie Public Library, Denison, Iowa"
Greencastle,Indiana,1905,50000,39.6408545,-86.8637621,academic,,"Carnegie Academic Library, DePauw University"
Derby,Connecticut,1906,3400,41.3436395,-73.1152158,non_academic,,"Carnegie Public Library, Derby, Connecticut"
Des Plaines,Illinois,1906,5000,42.0308879,-87.8847338,non_academic,,"Carnegie Public Library, Des Plaines, Illinois"
Detroit Lakes,Minnesota,1911,10000,46.8171808,-95.8453253,non_academic,,"Carnegie Public Library, Detroit Lakes, Minnesota"
Devils Lake,North Dakota,1908,12500,48.1152083,-98.8593179,non_academic,,"Carnegie Public Library, Devils Lake, North Dakota"
DeWitt,Iowa,1907,7116,41.8239952,-90.5389662,non_academic,,"Carnegie Public Library, DeWitt, Iowa"
De Witt,Nebraska,1906,3000,40.3936136,-96.9228060,non_academic,,"Carnegie Public Library, De Witt, Nebraska"
Dickinson,North Dakota,1908,12500,46.8817012,-102.7878603,non_academic,,"Carnegie Public Library, Dickinson, North Dakota"
Dighton,Massachusetts,1905,6000,41.843859,-71.1567344,non_academic,,"Carnegie Public Library, Dighton, Massachusetts"
Dillon,Montana,1902,7500,45.2163729,-112.6377740,non_academic,,"Carnegie Public Library, Dillon, Montana"
Dinuba,California,1915,8000,36.5427236,-119.3863350,non_academic,,"Carnegie Public Library, Dinuba, California"
Dixon,California,1911,10000,38.4468779,-121.8222060,non_academic,,"Carnegie Public Library, Dixon, California"
Dodge City,Kansas,1905,8500,37.7578835,-100.0195487,non_academic,,"Carnegie Public Library, Dodge City, Kansas"
Douglas,Wyoming,1908,10000,42.7610824,-105.3838591,non_academic,,"Carnegie Public Library, Douglas, Wyoming"
Dover,New Hampshire,1902,30000,43.1928898,-70.8763312,non_academic,,"Carnegie Public Library, Dover, New Hampshire"
Dowagiac,Michigan,1903,12500,41.9830262,-86.1105366,non_academic,,"Carnegie Public Library, Dowagiac, Michigan"
Downers Grove,Illinois,1906,8500,41.8089191,-88.0111746,non_academic,,"Carnegie Public Library, Downers Grove, Illinois"
Downs,Kansas,1905,6140,39.5002667,-98.5448188,non_academic,,"Carnegie Public Library, Downs, Kansas"
Des Moines,Iowa,1905,50000,41.6010376,-93.6542720,academic,,"Carnegie Academic Library, Drake University"
Dublin,Georgia,1903,10000,32.5382935,-82.9066142,non_academic,,"Carnegie Public Library, Dublin, Georgia"
Dubuque,Iowa,1901,71500,42.5026363,-90.6698632,non_academic,,"Carnegie Public Library, Dubuque, Iowa"
Dunkirk,New York,1904,25000,42.479839,-79.3330540,non_academic,,"Carnegie Public Library, Dunkirk, New York"
Dunlap,Iowa,1911,10000,41.8542867,-95.6018613,non_academic,,"Carnegie Public Library, Dunlap, Iowa"
Duquesne,Pennsylvania,1901,310000,40.3731757,-79.8469532,non_academic,,"Carnegie Public Library, Duquesne, Pennsylvania"
Durand,Wisconsin,1905,7500,44.6263543,-91.9657260,non_academic,,"Carnegie Public Library, Durand, Wisconsin"
Durango,Colorado,1906,15000,37.2757823,-107.8762625,non_academic,,"Carnegie Public Library, Durango, Colorado"
Durham,North Carolina,1917,32000,35.9948123,-78.8968433,non_academic,,"Carnegie Public Library, Durham, North Carolina"
Eagle Grove,Iowa,1902,10000,42.6637378,-93.9076998,non_academic,,"Carnegie Public Library, Eagle Grove, Iowa"
Los Angeles,California,1914,7500,34.1391256,-118.2140017,non_academic,,"Carnegie Public Library, Los Angeles, California"
Earl Park,Indiana,1911,7500,40.683635,-87.4145750,non_academic,,"Carnegie Public Library, Earl Park, Indiana"
Richmond,Indiana,1905,30000,39.8239393,-84.9130069,academic,,"Carnegie Academic Library, Earlham College"
East Cleveland,Ohio,1904,35000,41.5282308,-81.5846273,non_academic,,"Carnegie Public Library, East Cleveland, Ohio"
East Jordan,Michigan,1915,10000,45.1580628,-85.1242254,non_academic,,"Carnegie Public Library, East Jordan, Michigan"
East Liverpool,Ohio,1899,50000,40.6177793,-80.5775615,non_academic,,"Carnegie Public Library, East Liverpool, Ohio"
San Diego,California,1915,10000,32.7494952,-117.1100315,non_academic,,"Carnegie Public Library, San Diego, California"
Easton,Pennsylvania,1901,57500,40.6921315,-75.2136665,non_academic,,"Carnegie Public Library, Easton, Pennsylvania"
Eatonton,Georgia,1914,6000,33.3293646,-83.3924901,non_academic,,"Carnegie Public Library, Eatonton, Georgia"
Eau Claire,Wisconsin,1902,40000,44.8130359,-91.4990839,non_academic,,"Carnegie Public Library, Eau Claire, Wisconsin"
Edgartown,Massachusetts,1902,4000,41.3890052,-70.5133599,non_academic,,"Carnegie Public Library, Edgartown, Massachusetts"
Edgerton,Wisconsin,1905,10000,42.8364361,-89.0715461,non_academic,,"Carnegie Public Library, Edgerton, Wisconsin"
Edgewater,New Jersey,1915,15000,40.8297434,-73.9743189,non_academic,,"Carnegie Public Library, Edgewater, New Jersey"
Edgewood,Pennsylvania,1914,12500,40.4330681,-79.8847731,non_academic,,"Carnegie Public Library, Edgewood, Pennsylvania"
Edmonds,Washington,1910,5000,47.8102171,-122.3727464,non_academic,,"Carnegie Public Library, Edmonds, Washington"
Edwardsville,Illinois,1903,12500,38.811139,-89.9538550,non_academic,,"Carnegie Public Library, Edwardsville, Illinois"
El Centro,California,1909,10000,32.792,-115.5630514,non_academic,,"Carnegie Public Library, El Centro, California"
El Dorado,Kansas,1910,10000,37.81724,-96.8622524,non_academic,,"Carnegie Public Library, El Dorado, Kansas"
El Paso,Illinois,1905,6000,40.7396177,-89.0187174,non_academic,,"Carnegie Public Library, El Paso, Illinois"
El Paso,Texas,1902,37500,31.7630332,-106.4873446,non_academic,,"Carnegie Public Library, El Paso, Texas"
El Reno,Oklahoma,1903,12500,35.531619,-97.9518650,non_academic,,"Carnegie Public Library, El Reno, Oklahoma"
Eldon,Iowa,1911,7500,40.919585,-92.2252607,non_academic,,"Carnegie Public Library, Eldon, Iowa"
Eldora,Iowa,1901,10000,42.3613335,-93.0962143,non_academic,,"Carnegie Public Library, Eldora, Iowa"
Elk City,Oklahoma,1914,10000,35.410895,-99.4072143,non_academic,,"Carnegie Public Library, Elk City, Oklahoma"
Elkhart,Indiana,1901,35000,41.6843869,-85.9734868,non_academic,,"Carnegie Public Library, Elkhart, Indiana"
Ellensburg,Washington,1908,10000,46.9939048,-120.5446579,non_academic,,"Carnegie Public Library, Ellensburg, Washington"
Iowa Falls,Iowa,1906,10000,42.5265253,-93.2666162,academic,,
Elmira,New York,1916,70000,42.090869,-76.8058120,non_academic,,"Carnegie Public Library, Elmira, New York"
Elroy,Wisconsin,1905,10000,43.740999,-90.2723231,non_academic,,"Carnegie Public Library, Elroy, Wisconsin"
Elwood,Indiana,1901,30000,40.2773828,-85.8397055,non_academic,,"Carnegie Public Library, Elwood, Indiana"
Emmetsburg,Iowa,1911,10000,43.1127427,-94.6830357,non_academic,,"Carnegie Public Library, Emmetsburg, Iowa"
Emporia,Kansas,1902,22000,38.4036579,-96.1799142,non_academic,,"Carnegie Public Library, Emporia, Kansas"
Enfield,Connecticut,1910,20000,42.0027181,-72.5441445,non_academic,,"Carnegie Public Library, Enfield, Connecticut"
Englewood,New Jersey,1913,25000,40.8939023,-73.9715801,non_academic,,"Carnegie Public Library, Englewood, New Jersey"
Enid,Oklahoma,1904,25000,36.3955891,-97.8783911,non_academic,,"Carnegie Public Library, Enid, Oklahoma"
Enterprise,Oregon,1913,5000,45.4257542,-117.2760638,non_academic,,"Carnegie Public Library, Enterprise, Oregon"
Ephraim,Utah,1914,10000,39.3601777,-111.5829095,non_academic,,"Carnegie Public Library, Ephraim, Utah"
Escanaba,Michigan,1902,21200,45.7461164,-87.0527971,non_academic,,"Carnegie Public Library, Escanaba, Michigan"
Escondido,California,1908,7500,33.1192068,-117.0864210,non_academic,,"Carnegie Public Library, Escondido, California"
Estherville,Iowa,1902,10000,43.4031919,-94.8369483,non_academic,,"Carnegie Public Library, Estherville, Iowa"
Etowah,Tennessee,1915,8000,35.3234065,-84.5249307,non_academic,,"Carnegie Public Library, Etowah, Tennessee"
Eufaula,Alabama,1903,10000,31.895085,-85.1453519,non_academic,,"Carnegie Public Library, Eufaula, Alabama"
Eugene,Oregon,1903,10000,44.0515719,-123.0901382,non_academic,,"Carnegie Public Library, Eugene, Oregon"
Eureka Springs,Arkansas,1906,15500,36.4075416,-93.7366094,non_academic,,"Carnegie Public Library, Eureka Springs, Arkansas"
Eureka,California,1901,20000,40.8030257,-124.1623614,non_academic,,"Carnegie Public Library, Eureka, California"
Eureka,Kansas,1913,9000,37.824883,-96.2937336,non_academic,,"Carnegie Public Library, Eureka, Kansas"
Eureka,Utah,1907,11000,39.9541166,-112.1202235,non_academic,,"Carnegie Public Library, Eureka, Utah"
Evanston,Illinois,1903,50000,42.0487967,-87.6863191,non_academic,,"Carnegie Public Library, Evanston, Illinois"
Evanston,Wyoming,1903,11000,41.2653454,-110.9638340,non_academic,,"Carnegie Public Library, Evanston, Wyoming"
Eveleth,Minnesota,1911,15000,47.4624456,-92.5356884,non_academic,,"Carnegie Public Library, Eveleth, Minnesota"
Everett,Washington,1903,25000,47.9789848,-122.2020795,non_academic,,"Carnegie Public Library, Everett, Washington"
Ewing Township,New Jersey,1906,10000,40.2700839,-74.7770469,academic,,"Carnegie Academic Library, Ewing College"
Excelsior Springs,Missouri,1913,10000,39.3391712,-94.2260559,non_academic,,"Carnegie Public Library, Excelsior Springs, Missouri"
Exeter,California,1914,5000,36.2939733,-119.1386064,non_academic,,"Carnegie Public Library, Exeter, California"
Fairbury,Nebraska,1907,12500,40.1385674,-97.1782774,non_academic,,"Carnegie Public Library, Fairbury, Nebraska"
Fairfield,Iowa,1892,30000,41.0044462,-91.9643352,non_academic,,"Carnegie Public Library, Fairfield, Iowa"
Fairfield,Nebraska,1913,6000,40.4312233,-98.1055320,non_academic,,"Carnegie Public Library, Fairfield, Nebraska"
Fair Haven,Vermont,1905,8000,43.594801,-73.2657155,non_academic,,"Carnegie Public Library, Fair Haven, Vermont"
Fairmont,Minnesota,1903,10000,43.6521775,-94.4610832,non_academic,,"Carnegie Public Library, Fairmont, Minnesota"
Fargo,North Dakota,1905,20000,46.8977528,-96.8024367,academic,,
Fargo,North Dakota,1901,20000,46.8772812,-96.7840716,non_academic,,"Carnegie Public Library, Fargo, North Dakota"
Farmington,Illinois,1906,5600,40.6980932,-90.0059483,non_academic,,"Carnegie Public Library, Farmington, Illinois"
Fayette,Missouri,1913,10000,39.1452446,-92.6821899,non_academic,,"Carnegie Public Library, Fayette, Missouri"
Fergus Falls,Minnesota,1904,21475,46.2835212,-96.0777887,non_academic,,"Carnegie Public Library, Fergus Falls, Minnesota"
Ferndale,California,1908,8000,40.579872,-124.2611480,non_academic,,"Carnegie Public Library, Ferndale, California"
Newton,Massachusetts,1905,6500,42.3578418,-71.2202658,academic,,
Nashville,Tennessee,1905,20000,36.1670514,-86.8033062,academic,,"Carnegie Academic Library, Fisk University"
Fitzgerald,Georgia,1914,12500,31.7157272,-83.2538836,non_academic,,"Carnegie Public Library, Fitzgerald, Georgia"
Flint,Michigan,1902,25000,43.0215471,-83.6793186,non_academic,,"Carnegie Public Library, Flint, Michigan"
Flora,Illinois,1903,10000,38.6701807,-88.4857932,non_academic,,"Carnegie Public Library, Flora, Illinois"
Flora,Indiana,1917,10000,40.5491149,-86.5235993,non_academic,,"Carnegie Public Library, Flora, Indiana"
Florence,Colorado,1917,10000,38.391505,-105.1221840,non_academic,,"Carnegie Public Library, Florence, Colorado"
Fond du Lac,Wisconsin,1902,30000,43.7772893,-88.4454951,non_academic,,"Carnegie Public Library, Fond du Lac, Wisconsin"
Fort Benton,Montana,1916,15000,47.8188249,-110.6681005,non_academic,,"Carnegie Public Library, Fort Benton, Montana"
Fort Branch,Indiana,1916,10000,38.2472343,-87.5778549,non_academic,,"Carnegie Public Library, Fort Branch, Indiana"
Fort Collins,Colorado,1903,12500,40.5849993,-105.0725807,non_academic,,"Carnegie Public Library, Fort Collins, Colorado"
Fort Dodge,Iowa,1901,30000,42.50445,-94.1921420,non_academic,,"Carnegie Public Library, Fort Dodge, Iowa"
Fort Fairfield,Maine,1911,10000,46.7722094,-67.8338431,non_academic,,"Carnegie Public Library, Fort Fairfield, Maine"
Fort Morgan,Colorado,1914,10000,40.2522933,-103.8008242,non_academic,,"Carnegie Public Library, Fort Morgan, Colorado"
Fort Scott,Kansas,1901,18000,37.8396534,-94.7069757,non_academic,,"Carnegie Public Library, Fort Scott, Kansas"
Fort Smith,Arkansas,1906,25000,35.3828624,-94.4186018,non_academic,,"Carnegie Public Library, Fort Smith, Arkansas"
Fort Wayne,Indiana,1901,90000,41.0771709,-85.1432369,non_academic,,"Carnegie Public Library, Fort Wayne, Indiana"
Fort Worth,Texas,1899,50000,32.749253,-97.3308124,non_academic,,"Carnegie Public Library, Fort Worth, Texas"
Fortville,Indiana,1916,10000,39.9322625,-85.8480354,non_academic,,"Carnegie Public Library, Fortville, Indiana"
Fostoria,Ohio,1903,20000,41.1609815,-83.4160030,non_academic,,"Carnegie Public Library, Fostoria, Ohio"
Fowler,Indiana,1906,7500,40.6180334,-87.3199955,non_academic,,"Carnegie Public Library, Fowler, Indiana"
Francesville,Indiana,1915,9000,40.985369,-86.8831870,non_academic,,"Carnegie Public Library, Francesville, Indiana"
Frankfort,Indiana,1905,22500,40.2809157,-86.5141393,non_academic,,"Carnegie Public Library, Frankfort, Indiana"
Franklin,Indiana,1913,17500,39.4806055,-86.0549863,non_academic,,"Carnegie Public Library, Franklin, Indiana"
Franklin,Nebraska,1915,5000,40.0999291,-98.9532262,non_academic,,"Carnegie Public Library, Franklin, Nebraska"
Franklin,New Hampshire,1903,15000,43.4446037,-71.6472534,non_academic,,"Carnegie Public Library, Franklin, New Hampshire"
Franklin,Texas,1913,7500,31.027187,-96.4841359,non_academic,,"Carnegie Public Library, Franklin, Texas"
Franklinville,New York,1914,2200,42.338157,-78.4572210,non_academic,,"Carnegie Public Library, Franklinville, New York"
Frederick,Oklahoma,1914,10000,34.3894081,-99.0154571,non_academic,,"Carnegie Public Library, Frederick, Oklahoma"
Freehold,New Jersey,1903,11000,40.2587557,-74.2726125,non_academic,,"Carnegie Public Library, Freehold, New Jersey"
Freeport,Illinois,1901,30000,42.3003572,-89.6206069,non_academic,,"Carnegie Public Library, Freeport, Illinois"
Freeport,Maine,1905,6500,43.8573338,-70.1027576,non_academic,,"Carnegie Public Library, Freeport, Maine"
Fremont,Nebraska,1901,15000,41.4333909,-96.4981467,non_academic,,"Carnegie Public Library, Fremont, Nebraska"
Fresno,California,1901,30000,36.7377981,-119.7871247,non_academic,,"Carnegie Public Library, Fresno, California"
Fullerton,California,1905,10000,33.8735768,-117.9263603,non_academic,,"Carnegie Public Library, Fullerton, California"
Fullerton,Nebraska,1912,6000,41.3634729,-97.9693882,non_academic,,"Carnegie Public Library, Fullerton, Nebraska"
Fulton,Illinois,1908,5000,41.8674204,-90.1643313,non_academic,,"Carnegie Public Library, Fulton, Illinois"
Fulton,Missouri,1911,12000,38.8501568,-91.9472841,non_academic,,"Carnegie Public Library, Fulton, Missouri"
Fulton,New York,1902,15000,43.319606,-76.4158821,non_academic,,"Carnegie Public Library, Fulton, New York"
Greenville,South Carolina,1905,19000,34.9246422,-82.4390771,academic,,"Carnegie Academic Library, Furman University"
Gadsden,Alabama,1903,10000,34.022352,-86.0456112,non_academic,,"Carnegie Public Library, Gadsden, Alabama"
Gaffney,South Carolina,1913,7500,35.0734175,-81.6485225,non_academic,,"Carnegie Public Library, Gaffney, South Carolina"
Gainesville,Florida,1916,10000,29.653566,-82.3237375,non_academic,,"Carnegie Public Library, Gainesville, Florida"
Gainesville,Texas,1912,15000,33.623241,-97.1477260,non_academic,,"Carnegie Public Library, Gainesville, Texas"
Galena,Illinois,1905,12500,42.4120697,-90.4318745,non_academic,,"Carnegie Public Library, Galena, Illinois"
Galesburg,Illinois,1901,50000,40.9471822,-90.3753238,non_academic,,"Carnegie Public Library, Galesburg, Illinois"
Galion,Ohio,1902,15000,40.7348145,-82.7890734,non_academic,,"Carnegie Public Library, Galion, Ohio"
Gallipolis,Ohio,1902,12500,38.8088923,-82.2025551,non_academic,,"Carnegie Public Library, Gallipolis, Ohio"
Galva,Illinois,1908,8000,41.1678273,-90.0462639,non_academic,,"Carnegie Public Library, Galva, Illinois"
Garden City,Kansas,1909,10000,37.9716898,-100.8726618,non_academic,,"Carnegie Public Library, Garden City, Kansas"
Gardiner,Maine,1897,2500,44.2300698,-69.7753222,non_academic,,"Carnegie Public Library, Gardiner, Maine"
Garland,Utah,1912,8000,41.741222,-112.1637110,non_academic,,"Carnegie Public Library, Garland, Utah"
Garner,Iowa,1914,6500,43.101266,-93.6024560,non_academic,,"Carnegie Public Library, Garner, Iowa"
Garrett,Indiana,1913,10000,41.3481712,-85.1360626,non_academic,,"Carnegie Public Library, Garrett, Indiana"
Gas City,Indiana,1913,12500,40.4881533,-85.6136034,non_academic,,"Carnegie Public Library, Gas City, Indiana"
Geneva,Illinois,1907,7500,41.8878136,-88.3087700,non_academic,,"Carnegie Public Library, Geneva, Illinois"
Geneva,Nebraska,1911,8000,40.5253688,-97.5995665,non_academic,,"Carnegie Public Library, Geneva, Nebraska"
Geneva,Ohio,1908,10000,41.8050539,-80.9481489,non_academic,,"Carnegie Public Library, Geneva, Ohio"
Nashville,Tennessee,1917,180000,36.1457018,-86.8002642,academic,,"Carnegie Academic Library, George Peabody College for Teachers"
Atlanta,Georgia,1906,20000,33.7756178,-84.3962850,academic,,
Athens,Georgia,1905,20000,33.9597,-83.3764000,academic,,"Carnegie Academic Library, Georgia State Normal School"
Germantown,Ohio,1904,10000,39.6257803,-84.3722245,non_academic,,"Carnegie Public Library, Germantown, Ohio"
Gibbon,Nebraska,1912,6000,40.7474035,-98.8451247,non_academic,,"Carnegie Public Library, Gibbon, Nebraska"
Gilman,Illinois,1915,10000,40.7667015,-87.9922620,non_academic,,"Carnegie Public Library, Gilman, Illinois"
Gilroy,California,1906,10000,37.0051296,-121.5727007,non_academic,,"Carnegie Public Library, Gilroy, California"
Girard,Kansas,1905,8000,37.5099448,-94.8449136,non_academic,,"Carnegie Public Library, Girard, Kansas"
Glasgow,Montana,1907,7500,48.1929064,-106.6362505,non_academic,,"Carnegie Public Library, Glasgow, Montana"
Glen Ellyn,Illinois,1912,10000,41.8775293,-88.0670118,non_academic,,"Carnegie Public Library, Glen Ellyn, Illinois"
Glendale,California,1911,12500,34.1440599,-118.2535921,non_academic,,"Carnegie Public Library, Glendale, California"
Glenwood,Iowa,1903,7000,41.0481763,-95.7415957,non_academic,,"Carnegie Public Library, Glenwood, Iowa"
Glenwood,Minnesota,1907,10000,45.6490603,-95.3881368,non_academic,,"Carnegie Public Library, Glenwood, Minnesota"
Gloversville,New York,1901,50000,43.0505233,-74.3429386,non_academic,,"Carnegie Public Library, Gloversville, New York"
Goldendale,Washington,1913,8000,45.820244,-120.8243510,non_academic,,"Carnegie Public Library, Goldendale, Washington"
Goodland,Kansas,1908,10000,39.3470395,-101.7120722,non_academic,,"Carnegie Public Library, Goodland, Kansas"
Los Angeles,California,1905,15000,34.0999509,-118.2892064,academic,,
Goshen,Indiana,1901,25000,41.5891606,-85.8345639,non_academic,,"Carnegie Public Library, Goshen, Indiana"
Gothenburg,Nebraska,1914,8000,40.929909,-100.1607901,non_academic,,"Carnegie Public Library, Gothenburg, Nebraska"
Graceville,Minnesota,1913,7000,45.5678082,-96.4367598,non_academic,,"Carnegie Public Library, Graceville, Minnesota"
Grafton,North Dakota,1903,10000,48.4179352,-97.4123531,non_academic,,"Carnegie Public Library, Grafton, North Dakota"
Granby,Massachusetts,1916,5000,42.2556294,-72.5171871,non_academic,,"Carnegie Public Library, Granby, Massachusetts"
Grand Forks,North Dakota,1901,22700,47.9252568,-97.0328547,non_academic,,"Carnegie Public Library, Grand Forks, North Dakota"
Grand Haven,Michigan,1903,12500,43.0641441,-86.2267532,non_academic,,"Carnegie Public Library, Grand Haven, Michigan"
Grand Island,Nebraska,1902,20000,40.9263957,-98.3420118,non_academic,,"Carnegie Public Library, Grand Island, Nebraska"
Grand Junction,Colorado,1899,8000,39.0708357,-108.5637817,non_academic,,"Carnegie Public Library, Grand Junction, Colorado"
Grand Rapids,Minnesota,1905,10000,47.233012,-93.5258253,non_academic,,"Carnegie Public Library, Grand Rapids, Minnesota"
Grandview,Indiana,1917,8000,37.9338601,-86.9807601,non_academic,,"Carnegie Public Library, Grandview, Indiana"
Grants Pass,Oregon,1903,12500,42.4429784,-123.3267074,non_academic,,"Carnegie Public Library, Grants Pass, Oregon"
Grass Valley,California,1915,15000,39.2168915,-121.0633288,non_academic,,"Carnegie Public Library, Grass Valley, California"
Grayville,Illinois,1911,6000,38.2568701,-87.9952708,non_academic,,"Carnegie Public Library, Grayville, Illinois"
Great Bend,Kansas,1906,12500,38.3658574,-98.7671801,non_academic,,"Carnegie Public Library, Great Bend, Kansas"
Great Falls,Montana,1901,31700,47.5052849,-111.3007715,non_academic,,"Carnegie Public Library, Great Falls, Montana"
Green Bay,Wisconsin,1901,45000,44.5147537,-88.0099139,non_academic,,"Carnegie Public Library, Green Bay, Wisconsin"
Green River,Wyoming,1905,20000,41.5299606,-109.4645462,non_academic,,"Carnegie Public Library, Green River, Wyoming"
Greencastle,Indiana,1902,20165,39.6408545,-86.8637621,non_academic,,"Carnegie Public Library, Greencastle, Indiana"
Greeneville,Tennessee,1913,10000,36.1649505,-82.8296151,non_academic,,"Carnegie Public Library, Greeneville, Tennessee"
Greenfield,Indiana,1904,10000,39.785043,-85.7694226,non_academic,,"Carnegie Public Library, Greenfield, Indiana"
Greenfield,Iowa,1915,7500,41.3038314,-94.4612167,non_academic,,"Carnegie Public Library, Greenfield, Iowa"
Greensburg,Indiana,1902,15000,39.3372722,-85.4835810,non_academic,,"Carnegie Public Library, Greensburg, Indiana"
Greenup,Illinois,1904,8000,39.2467663,-88.1671239,non_academic,,"Carnegie Public Library, Greenup, Illinois"
Greenville,Illinois,1903,11000,38.8918333,-89.4148533,non_academic,,"Carnegie Public Library, Greenville, Illinois"
Greenville,Ohio,1901,25000,40.0991088,-84.6326584,non_academic,,"Carnegie Public Library, Greenville, Ohio"
Greenville,Texas,1903,15000,33.1398034,-96.1072021,non_academic,,"Carnegie Public Library, Greenville, Texas"
Greenwood,Mississippi,1911,10000,33.518665,-90.1850230,non_academic,,"Carnegie Public Library, Greenwood, Mississippi"
Greenwood,South Carolina,1916,12500,34.1954001,-82.1617883,non_academic,,"Carnegie Public Library, Greenwood, South Carolina"
Gridley,California,1913,7000,39.3637773,-121.6935833,non_academic,,"Carnegie Public Library, Gridley, California"
Griggsville,Illinois,1915,5000,39.7082018,-90.7265569,non_academic,,"Carnegie Public Library, Griggsville, Illinois"
New York,New York,1903,50000,40.742182,-73.9865510,academic,,"Carnegie Academic Library, Grinnell College"
Grove City,Pennsylvania,1900,32000,41.1540564,-80.0794476,academic,,"Carnegie Academic Library, Grove City College"
Grundy Center,Iowa,1910,6000,42.3606599,-92.7723503,non_academic,,"Carnegie Public Library, Grundy Center, Iowa"
Greensboro,North Carolina,1908,9000,36.092967,-79.8896270,academic,,"Carnegie Academic Library, Guilford College"
Guilford,Maine,1908,5750,45.169783,-69.3833107,non_academic,,"Carnegie Public Library, Guilford, Maine"
Gulfport,Mississippi,1916,10000,30.3671436,-89.0912676,non_academic,,"Carnegie Public Library, Gulfport, Mississippi"
Guthrie,Oklahoma,1901,26000,35.8793819,-97.4256719,non_academic,,"Carnegie Public Library, Guthrie, Oklahoma"
Halstead,Kansas,1909,7500,38.0032806,-97.5057144,non_academic,,"Carnegie Public Library, Halstead, Kansas"
Hamburg,Iowa,1915,9000,40.6063168,-95.6574078,non_academic,,"Carnegie Public Library, Hamburg, Iowa"
Hamburg,New York,1914,5000,42.7189329,-78.8297141,non_academic,,"Carnegie Public Library, Hamburg, New York"
Hamburg,Pennsylvania,1903,10000,40.5559618,-75.9839998,non_academic,,"Carnegie Public Library, Hamburg, Pennsylvania"
Hamilton,Montana,1914,9000,46.2461127,-114.1594626,non_academic,,"Carnegie Public Library, Hamilton, Montana"
Saint Paul,Minnesota,1906,30000,44.9626193,-93.1661674,academic,,"Carnegie Academic Library, Hamline University"
Hammond,Indiana,1904,27000,41.5833688,-87.5000412,non_academic,,"Carnegie Public Library, Hammond, Indiana"
Hampton,Iowa,1902,10000,42.7415755,-93.2070739,non_academic,,"Carnegie Public Library, Hampton, Iowa"
Hanford,California,1903,12500,36.3293428,-119.6454498,non_academic,,"Carnegie Public Library, Hanford, California"
Hardin,Montana,1916,7500,45.7332158,-107.6070963,non_academic,,"Carnegie Public Library, Hardin, Montana"
Harriman,Tennessee,1908,10000,35.9337675,-84.5512124,non_academic,,"Carnegie Public Library, Harriman, Tennessee"
Harrisburg,Illinois,1908,12500,37.7406829,-88.5406104,non_academic,,"Carnegie Public Library, Harrisburg, Illinois"
Hartford City,Indiana,1902,16000,40.4533524,-85.3683054,non_academic,,"Carnegie Public Library, Hartford City, Indiana"
Hartington,Nebraska,1914,8000,42.6201229,-97.2648909,non_academic,,"Carnegie Public Library, Hartington, Nebraska"
Harvard,Nebraska,1914,6000,40.6193014,-98.0974167,non_academic,,"Carnegie Public Library, Harvard, Nebraska"
Harvey,Illinois,1905,13500,41.6085188,-87.6474061,non_academic,,"Carnegie Public Library, Harvey, Illinois"
Hastings,Nebraska,1902,15000,40.5867252,-98.3884630,non_academic,,"Carnegie Public Library, Hastings, Nebraska"
Havana,Illinois,1900,8000,40.299178,-90.0625550,non_academic,,"Carnegie Public Library, Havana, Illinois"
Lincoln,Nebraska,1906,7000,40.8516699,-96.6290747,non_academic,,"Carnegie Public Library, Lincoln, Nebraska"
Havre,Montana,1913,12000,48.5510333,-109.6767049,non_academic,,"Carnegie Public Library, Havre, Montana"
Hawarden,Iowa,1901,5000,42.9969447,-96.4835120,non_academic,,"Carnegie Public Library, Hawarden, Iowa"
Hays,Kansas,1910,8000,38.8791783,-99.3267702,non_academic,,"Carnegie Public Library, Hays, Kansas"
Hayward,California,1906,11750,37.6711205,-122.0834450,non_academic,,"Carnegie Public Library, Hayward, California"
Hayward,Wisconsin,1903,10000,46.0130065,-91.4846208,non_academic,,"Carnegie Public Library, Hayward, Wisconsin"
Healdsburg,California,1909,10000,38.6144066,-122.8701516,non_academic,,"Carnegie Public Library, Healdsburg, California"
Hebron,Indiana,1917,7500,41.3189357,-87.2017898,non_academic,,"Carnegie Public Library, Hebron, Indiana"
Tiffin,Ohio,1905,25000,41.1145838,-83.1669153,academic,,
Hemet,California,1910,7500,33.7497814,-116.9695462,non_academic,,"Carnegie Public Library, Hemet, California"
Henderson,Kentucky,1901,25000,37.8381615,-87.5944741,non_academic,,"Carnegie Public Library, Henderson, Kentucky"
Hendersonville,North Carolina,1911,10000,35.3155045,-82.4630152,non_academic,,"Carnegie Public Library, Hendersonville, North Carolina"
Herington,Kansas,1913,10000,38.6697316,-96.9433065,non_academic,,"Carnegie Public Library, Herington, Kansas"
Hermiston,Oregon,1915,5000,45.8404101,-119.2894604,non_academic,,"Carnegie Public Library, Hermiston, Oregon"
Hiawatha,Kansas,1906,10000,39.8526009,-95.5335283,non_academic,,"Carnegie Public Library, Hiawatha, Kansas"
Hibbing,Minnesota,1906,25000,47.4271546,-92.9376887,non_academic,,"Carnegie Public Library, Hibbing, Minnesota"
Hickman,Kentucky,1906,10000,36.5718922,-89.1935363,non_academic,,"Carnegie Public Library, Hickman, Kentucky"
Hickory,North Carolina,1917,13250,35.7327724,-81.3450012,non_academic,,"Carnegie Public Library, Hickory, North Carolina"
Highland Park,Illinois,1903,12000,42.1845026,-87.7967842,non_academic,,"Carnegie Public Library, Highland Park, Illinois"
Hillsboro,Illinois,1903,11000,39.1581222,-89.4937711,non_academic,,"Carnegie Public Library, Hillsboro, Illinois"
Hillsboro,Oregon,1913,10000,45.5224914,-122.9893199,non_academic,,"Carnegie Public Library, Hillsboro, Oregon"
Hinton,West Virginia,1907,12500,37.674043,-80.8910750,non_academic,,"Carnegie Public Library, Hinton, West Virginia"
Hobart,Indiana,1914,16000,41.53361,-87.2562729,non_academic,,"Carnegie Public Library, Hobart, Indiana"
Hobart,Oklahoma,1911,10000,35.0268669,-99.0926208,non_academic,,"Carnegie Public Library, Hobart, Oklahoma"
Holdrege,Nebraska,1904,8500,40.4402885,-99.3698217,non_academic,,"Carnegie Public Library, Holdrege, Nebraska"
Hollister,California,1910,10000,36.8518331,-121.4051229,non_academic,,"Carnegie Public Library, Hollister, California"
Holliston,Massachusetts,1903,10000,42.2003734,-71.4291196,non_academic,,"Carnegie Public Library, Holliston, Massachusetts"
Los Angeles,California,1906,10000,34.0907315,-118.3266146,non_academic,,"Carnegie Public Library, Los Angeles, California"
Honea Path,South Carolina,1907,5000,34.4499121,-82.3951342,non_academic,,"Carnegie Public Library, Honea Path, South Carolina"
Honolulu,Hawaii,1909,100000,21.30549,-157.8600524,non_academic,,"Carnegie Public Library, Honolulu, Hawaii"
Hood River,Oregon,1912,17500,45.708857,-121.5122706,non_academic,,"Carnegie Public Library, Hood River, Oregon"
Hoopeston,Illinois,1903,12500,40.4685395,-87.6648908,non_academic,,"Carnegie Public Library, Hoopeston, Illinois"
Hopkinsville,Kentucky,1912,15000,36.865255,-87.4905900,non_academic,,"Carnegie Public Library, Hopkinsville, Kentucky"
Hoquiam,Washington,1909,20000,46.977191,-123.8871627,non_academic,,"Carnegie Public Library, Hoquiam, Washington"
Hornell,New York,1903,25000,42.3278477,-77.6611025,non_academic,,"Carnegie Public Library, Hornell, New York"
Hot Springs,South Dakota,1907,10000,43.431646,-103.4743625,non_academic,,"Carnegie Public Library, Hot Springs, South Dakota"
Houghton,Michigan,1908,15000,47.1228469,-88.5685183,non_academic,,"Carnegie Public Library, Houghton, Michigan"
Houlton,Maine,1903,10000,46.125245,-67.8376928,non_academic,,"Carnegie Public Library, Houlton, Maine"
Houston,Mississippi,1908,6000,33.8964329,-89.0009789,non_academic,,"Carnegie Public Library, Houston, Mississippi"
Howell,Michigan,1902,15000,42.6087392,-83.9319532,non_academic,,"Carnegie Public Library, Howell, Michigan"
Hudson,Massachusetts,1903,12500,42.3916636,-71.5705038,non_academic,,"Carnegie Public Library, Hudson, Massachusetts"
Hudson,Michigan,1903,10000,41.8538384,-84.3535275,non_academic,,"Carnegie Public Library, Hudson, Michigan"
Hudson,Wisconsin,1903,12000,44.9771691,-92.7582308,non_academic,,"Carnegie Public Library, Hudson, Wisconsin"
Humboldt,Iowa,1906,10000,42.7219485,-94.2164433,non_academic,,"Carnegie Public Library, Humboldt, Iowa"
Huntington Beach,California,1913,10000,33.6620932,-117.9991658,non_academic,,"Carnegie Public Library, Huntington Beach, California"
Huntington,Indiana,1901,25000,40.881571,-85.4971360,non_academic,,"Carnegie Public Library, Huntington, Indiana"
Huntington,West Virginia,1901,35000,38.41962,-82.4438950,non_academic,,"Carnegie Public Library, Huntington, West Virginia"
Huntsville,Alabama,1914,12500,34.7303688,-86.5861037,non_academic,,"Carnegie Public Library, Huntsville, Alabama"
Huntsville,Missouri,1914,10000,39.4399921,-92.5438168,non_academic,,"Carnegie Public Library, Huntsville, Missouri"
Huron,South Dakota,1907,10000,44.3603869,-98.2145482,non_academic,,"Carnegie Public Library, Huron, South Dakota"
Hutchinson,Kansas,1902,32000,38.0608445,-97.9297743,non_academic,,"Carnegie Public Library, Hutchinson, Kansas"
Hutchinson,Minnesota,1903,12500,44.8916871,-94.3681061,non_academic,,"Carnegie Public Library, Hutchinson, Minnesota"
Idaho Falls,Idaho,1909,15000,43.4914241,-112.0425214,non_academic,,"Carnegie Public Library, Idaho Falls, Idaho"
Idaho Springs,Colorado,1903,10443,39.7421145,-105.5182823,non_academic,,"Carnegie Public Library, Idaho Springs, Colorado"
Imperial,California,1909,10000,32.8482084,-115.5716640,non_academic,,"Carnegie Public Library, Imperial, California"
Independence,Kansas,1905,22500,37.2225165,-95.7043982,non_academic,,"Carnegie Public Library, Independence, Kansas"
Indianola,Iowa,1903,12000,41.362071,-93.5640940,non_academic,,"Carnegie Public Library, Indianola, Iowa"
Inglewood,California,1916,10000,33.9620099,-118.3554388,non_academic,,"Carnegie Public Library, Inglewood, California"
Weiser,Idaho,1915-17,7000,44.2644311,-116.9807701,academic,,
Iola,Kansas,1904,15000,37.9215778,-95.4016758,non_academic,,"Carnegie Public Library, Iola, Kansas"
Iowa City,Iowa,1902,35000,41.6590043,-91.5318803,non_academic,,"Carnegie Public Library, Iowa City, Iowa"
Iowa Falls,Iowa,1903,10000,42.5198868,-93.2645741,non_academic,,"Carnegie Public Library, Iowa Falls, Iowa"
Iron Mountain,Michigan,1901,17500,45.8204296,-88.0635264,non_academic,,"Carnegie Public Library, Iron Mountain, Michigan"
Ironwood,Michigan,1900,17000,46.4551202,-90.1670443,non_academic,,"Carnegie Public Library, Ironwood, Michigan"
Ishpeming,Michigan,1901,25000,46.4913803,-87.6695168,non_academic,,"Carnegie Public Library, Ishpeming, Michigan"
Jackson,Michigan,1901,70000,42.2479398,-84.4109369,non_academic,,"Carnegie Public Library, Jackson, Michigan"
Jackson,Mississippi,1911,25000,32.2981392,-90.1806500,non_academic,,"Carnegie Public Library, Jackson, Mississippi"
Jackson,Tennessee,1901,30000,35.6153469,-88.8147983,non_academic,,"Carnegie Public Library, Jackson, Tennessee"
Jacksonville,Florida,1902,55000,30.3290141,-81.6584251,non_academic,,"Carnegie Public Library, Jacksonville, Florida"
Jacksonville,Illinois,1901,40000,39.7308222,-90.2289142,non_academic,,"Carnegie Public Library, Jacksonville, Illinois"
Janesville,Minnesota,1911,5000,44.1174745,-93.7079896,non_academic,,"Carnegie Public Library, Janesville, Minnesota"
Janesville,Wisconsin,1901,30000,42.6792182,-89.0191268,non_academic,,"Carnegie Public Library, Janesville, Wisconsin"
Jefferson City,Missouri,1900,25000,38.5747566,-92.1684265,non_academic,,"Carnegie Public Library, Jefferson City, Missouri"
Jefferson,Iowa,1903,10000,42.0155627,-94.3766252,non_academic,,"Carnegie Public Library, Jefferson, Iowa"
Jefferson,Texas,1906,10000,32.7562375,-94.3473146,non_academic,,"Carnegie Public Library, Jefferson, Texas"
Jefferson,Wisconsin,1911,10000,43.0027866,-88.8076502,non_academic,,"Carnegie Public Library, Jefferson, Wisconsin"
Jeffersonville,Indiana,1902,16000,38.275749,-85.7405970,non_academic,,"Carnegie Public Library, Jeffersonville, Indiana"
Jennings,Louisiana,1907,10000,30.222768,-92.6588704,non_academic,,"Carnegie Public Library, Jennings, Louisiana"
Jerseyville,Illinois,1902,12000,39.118801,-90.3300898,non_academic,,"Carnegie Public Library, Jerseyville, Illinois"
Johnson City,Tennessee,1902,25000,36.3134397,-82.3534727,non_academic,,"Carnegie Public Library, Johnson City, Tennessee"
Johnstown,New York,1901,25000,43.004567,-74.3722020,non_academic,,"Carnegie Public Library, Johnstown, New York"
Johnstown,Pennsylvania,1890,55332,40.3267323,-78.9223625,non_academic,,"Carnegie Public Library, Johnstown, Pennsylvania"
Joplin,Missouri,1901,60000,37.0842271,-94.5132810,non_academic,,"Carnegie Public Library, Joplin, Missouri"
Kalispell,Montana,1901,10000,48.1963803,-114.3110559,non_academic,,"Carnegie Public Library, Kalispell, Montana"
Kaukauna,Wisconsin,1902,12000,44.2780432,-88.2720503,non_academic,,"Carnegie Public Library, Kaukauna, Wisconsin"
Kearney,Nebraska,1903,12000,40.6961959,-99.0835316,non_academic,,"Carnegie Public Library, Kearney, Nebraska"
Kearny,New Jersey,1906,27600,40.7613943,-74.1498321,non_academic,,"Carnegie Public Library, Kearny, New Jersey"
Kendallville,Indiana,1912,12500,41.4414384,-85.2649754,non_academic,,"Carnegie Public Library, Kendallville, Indiana"
Kent,Ohio,1901,11500,41.1533618,-81.3613253,non_academic,,"Carnegie Public Library, Kent, Ohio"
Kentland,Indiana,1909,10000,40.7689362,-87.4468275,non_academic,,"Carnegie Public Library, Kentland, Indiana"
Kenton,Ohio,1902,20000,40.6485112,-83.6047320,non_academic,,"Carnegie Public Library, Kenton, Ohio"
Winchester,Kentucky,1913,15000,37.9901,-84.1797000,academic,,Kentucky Wesleyan College
Kewanee,Illinois,1901,25000,41.2432403,-89.9259414,non_academic,,"Carnegie Public Library, Kewanee, Illinois"
Kewanna,Indiana,1913,8000,41.0188367,-86.4123852,non_academic,,"Carnegie Public Library, Kewanna, Indiana"
Milwaukee,Wisconsin,1912,6000,43.0416932,-87.9189830,non_academic,,"Carnegie Public Library, Milwaukee, Wisconsin"
Kingman,Indiana,1913,8000,39.9672909,-87.2779782,non_academic,,"Carnegie Public Library, Kingman, Indiana"
Kingman,Kansas,1913,10000,37.6462678,-98.1135166,non_academic,,"Carnegie Public Library, Kingman, Kansas"
Kingston,New York,1902,30000,41.9270367,-73.9973608,non_academic,,"Carnegie Public Library, Kingston, New York"
Kingstree,South Carolina,1915,6000,33.6655123,-79.8330827,non_academic,,"Carnegie Public Library, Kingstree, South Carolina"
Kinsman,Ohio,1911,7000,41.4478922,-80.5879924,non_academic,,"Carnegie Public Library, Kinsman, Ohio"
Kirklin,Indiana,1914,7500,40.1931943,-86.3599292,non_academic,,"Carnegie Public Library, Kirklin, Indiana"
Klamath Falls,Oregon,1913,20000,42.224867,-121.7816704,non_academic,,"Carnegie Public Library, Klamath Falls, Oregon"
Knightstown,Indiana,1911,10000,39.795089,-85.5272610,non_academic,,"Carnegie Public Library, Knightstown, Indiana"
Knoxville,Iowa,1910,10000,41.3173424,-93.0967421,non_academic,,"Carnegie Public Library, Knoxville, Iowa"
Knoxville,Tennessee,1916,10000,35.9623691,-83.9197273,non_academic,,"Carnegie Public Library, Knoxville, Tennessee"
Kokomo,Indiana,1902,25000,40.4881071,-86.1296743,non_academic,,"Carnegie Public Library, Kokomo, Indiana"
La Grande,Oregon,1913,12500,45.3245771,-118.0877188,non_academic,,"Carnegie Public Library, La Grande, Oregon"
La Grange,Illinois,1903,12500,41.8050314,-87.8692254,non_academic,,"Carnegie Public Library, La Grange, Illinois"
La Harpe,Illinois,1904,5000,40.583188,-90.9669256,non_academic,,"Carnegie Public Library, La Harpe, Illinois"
La Porte,Indiana,1916,27500,41.611143,-86.7227195,non_academic,,"Carnegie Public Library, La Porte, Indiana"
La Salle,Illinois,1904,25000,41.3305371,-89.0962977,non_academic,,"Carnegie Public Library, La Salle, Illinois"
Buffalo,New York,1917,30000,42.8262285,-78.8309028,non_academic,,"Carnegie Public Library, Lackawanna, New York"
Ladysmith,Wisconsin,1907,10000,45.4630231,-91.1040358,non_academic,,"Carnegie Public Library, Ladysmith, Wisconsin"
LaGrange,Indiana,1916,12500,41.643399,-85.4194811,non_academic,,"Carnegie Public Library, LaGrange, Indiana"
Lake Andes,South Dakota,1911,5000,43.1558724,-98.5386308,non_academic,,"Carnegie Public Library, Lake Andes, South Dakota"
Lake Charles,Louisiana,1901,10000,30.2261327,-93.2192310,non_academic,,"Carnegie Public Library, Lake Charles, Louisiana"
Lake City,Iowa,1908,7500,42.268424,-94.7333355,non_academic,,"Carnegie Public Library, Lake City, Iowa"
Lake City,Minnesota,1917,13000,44.4492982,-92.2666914,non_academic,,"Carnegie Public Library, Lake City, Minnesota"
Lakeport,California,1914,8000,39.0431107,-122.9138643,non_academic,,"Carnegie Public Library, Lakeport, California"
Lakeville,Massachusetts,1912,5000,41.8463518,-70.9505532,non_academic,,"Carnegie Public Library, Lakeville, Massachusetts"
Lakewood,New Jersey,1917,12500,40.0864132,-74.2152899,non_academic,,"Carnegie Public Library, Lakewood, New Jersey"
Lakewood,Ohio,1907,44600,41.4846911,-81.8042385,non_academic,,"Carnegie Public Library, Lakewood, Ohio"
Lamar,Colorado,1907,12000,38.0848134,-102.6181227,non_academic,,"Carnegie Public Library, Lamar, Colorado"
Lander,Wyoming,1906,15000,42.8361971,-108.7286228,non_academic,,"Carnegie Public Library, Lander, Wyoming"
Lansing,Michigan,1902,35000,42.7374917,-84.5534696,non_academic,,"Carnegie Public Library, Lansing, Michigan"
Lapeer,Michigan,1917,13750,43.0510741,-83.3181669,non_academic,,"Carnegie Public Library, Lapeer, Michigan"
Laramie,Wyoming,1903,20000,41.3113669,-105.5911007,non_academic,,"Carnegie Public Library, Laramie, Wyoming"
Las Vegas,New Mexico,1902,10000,35.597755,-105.2161669,non_academic,,"Carnegie Public Library, Las Vegas, New Mexico"
Latta,South Carolina,1912,5000,34.338974,-79.4343979,non_academic,,"Carnegie Public Library, Latta, South Carolina"
Laurens,Iowa,1907,3800,42.8497027,-94.8517025,non_academic,,"Carnegie Public Library, Laurens, Iowa"
Lavonia,Georgia,1910,5000,34.4347699,-83.1038636,non_academic,,"Carnegie Public Library, Lavonia, Georgia"
Lawrence,Kansas,1902,27500,38.9708079,-95.2377479,non_academic,,"Carnegie Public Library, Lawrence, Kansas"
Lawrenceburg,Indiana,1914,11000,39.0917945,-84.8494834,non_academic,,"Carnegie Public Library, Lawrenceburg, Indiana"
Lawrenceburg,Kentucky,1908,5800,38.0383643,-84.8964231,non_academic,,"Carnegie Public Library, Lawrenceburg, Kentucky"
Lawton,Oklahoma,1916,20000,34.604582,-98.3961936,non_academic,,"Carnegie Public Library, Lawton, Oklahoma"
Le Mars,Iowa,1903,12500,42.791385,-96.1675060,non_academic,,"Carnegie Public Library, Le Mars, Iowa"
Leadville,Colorado,1901,20000,39.2531732,-106.2938377,non_academic,,"Carnegie Public Library, Leadville, Colorado"
Leavenworth,Kansas,1900,30000,39.3105091,-94.9128205,non_academic,,"Carnegie Public Library, Leavenworth, Kansas"
Annville,Pennsylvania,1904,20000,40.3296616,-76.5121085,academic,,"Carnegie Academic Library, Lebanon Valley College"
Lebanon,Indiana,1903,15000,40.0486006,-86.4674384,non_academic,,"Carnegie Public Library, Lebanon, Indiana"
Lebanon,New Hampshire,1907,12500,43.6424264,-72.2500556,non_academic,,"Carnegie Public Library, Lebanon, New Hampshire"
Lebanon,Ohio,1903,10000,39.433151,-84.2087307,non_academic,,"Carnegie Public Library, Lebanon, Ohio"
Lee,Massachusetts,1903,12000,42.3064274,-73.2495336,non_academic,,"Carnegie Public Library, Lee, Massachusetts"
Lehi,Utah,1917,10000,40.3916172,-111.8507662,non_academic,,"Carnegie Public Library, Lehi, Utah"
Leominster,Massachusetts,1906,27500,42.5264132,-71.7620267,non_academic,,"Carnegie Public Library, Leominster, Massachusetts"
Leon,Iowa,1905,6000,40.7396829,-93.7481573,non_academic,,"Carnegie Public Library, Leon, Iowa"
Lewiston,Idaho,1903,10000,46.4222103,-117.0274381,non_academic,,"Carnegie Public Library, Lewiston, Idaho"
Lewiston,Maine,1901,60000,44.0954589,-70.2161981,non_academic,,"Carnegie Public Library, Lewiston, Maine"
Lewistown,Illinois,1905,5400,40.3930973,-90.1548421,non_academic,,"Carnegie Public Library, Lewistown, Illinois"
Lewistown,Montana,1905,10000,47.0623095,-109.4303083,non_academic,,"Carnegie Public Library, Lewistown, Montana"
Lexington,Kentucky,1902,60000,38.0520428,-84.4944822,non_academic,,"Carnegie Public Library, Lexington, Kentucky"
Lexington,Nebraska,1916,10000,40.7823188,-99.7419109,non_academic,,"Carnegie Public Library, Lexington, Nebraska"
Liberty,Indiana,1915,10000,39.6343367,-84.9293432,non_academic,,"Carnegie Public Library, Liberty, Indiana"
Ligonier,Indiana,1907,10000,41.4633979,-85.5894900,non_academic,,"Carnegie Public Library, Ligonier, Indiana"
Lima,Ohio,1901,34000,40.7416468,-84.1044642,non_academic,,"Carnegie Public Library, Lima, Ohio"
Lincoln,California,1907,6000,38.892093,-121.2913759,non_academic,,"Carnegie Public Library, Lincoln, California"
Lincoln,Illinois,1901,25000,40.1468211,-89.3611277,non_academic,,"Carnegie Public Library, Lincoln, Illinois"
Lincoln,Kansas,1913,6000,39.0390358,-98.1458569,non_academic,,"Carnegie Public Library, Lincoln, Kansas"
Harrogate,Tennessee,1905,20000,36.5773818,-83.6612854,academic,,
Linden,Indiana,1916,7500,40.1880244,-86.9041982,non_academic,,"Carnegie Public Library, Linden, Indiana"
Linton,Indiana,1907,15000,39.032884,-87.1646570,non_academic,,"Carnegie Public Library, Linton, Indiana"
Litchfield,Illinois,1903,15000,39.1753256,-89.6542579,non_academic,,"Carnegie Public Library, Litchfield, Illinois"
Litchfield,Minnesota,1903,10000,45.1283237,-94.5263984,non_academic,,"Carnegie Public Library, Litchfield, Minnesota"
Little Falls,Minnesota,1902,10000,45.9763574,-94.3587437,non_academic,,"Carnegie Public Library, Little Falls, Minnesota"
Little Falls Township,New Jersey,1917,10000,40.8831946,-74.2345454,non_academic,,"Carnegie Public Library, Little Falls Township, New Jersey"
Little Rock,Arkansas,1906,88100,34.7460068,-92.2747068,non_academic,,"Carnegie Public Library, Little Rock, Arkansas"
Littleton,Colorado,1915,8000,39.613321,-105.0166498,non_academic,,"Carnegie Public Library, Littleton, Colorado"
Littleton,New Hampshire,1902,15000,44.3071784,-71.7736587,non_academic,,"Carnegie Public Library, Littleton, New Hampshire"
Livermore,California,1909,10000,37.6818688,-121.7684732,non_academic,,"Carnegie Public Library, Livermore, California"
Livingston,Montana,1903,10000,45.660497,-110.5623270,non_academic,,"Carnegie Public Library, Livingston, Montana"
Salisbury,North Carolina,1905,12500,35.6708883,-80.4838097,academic,,"Carnegie Academic Library, Livingstone College"
Lodi,California,1907,9000,38.1369006,-121.2751532,non_academic,,"Carnegie Public Library, Lodi, California"
Logan,Iowa,1915,10000,41.6443791,-95.7893712,non_academic,,"Carnegie Public Library, Logan, Iowa"
Logansport,Indiana,1902,35000,40.7548203,-86.3621960,non_academic,,"Carnegie Public Library, Logansport, Indiana"
Lompoc,California,1909,10000,34.6391501,-120.4579409,non_academic,,"Carnegie Public Library, Lompoc, California"
London,Ohio,1902,10000,39.8854996,-83.4455428,non_academic,,"Carnegie Public Library, London, Ohio"
Long Beach,California,1905,30000,33.7689561,-118.1942261,non_academic,,"Carnegie Public Library, Long Beach, California"
Long Branch,New Jersey,1917,30000,40.3036603,-73.9942519,non_academic,,"Carnegie Public Library, Long Branch, New Jersey"
Longmont,Colorado,1907,12500,40.1652023,-105.1004879,non_academic,,"Carnegie Public Library, Longmont, Colorado"
Lorain,Ohio,1902,30000,41.4645866,-82.1772266,non_academic,,"Carnegie Public Library, Lorain, Ohio"
Los Gatos,California,1901,10400,37.2358078,-121.9623751,non_academic,,"Carnegie Public Library, Los Gatos, California"
Louisiana,Missouri,1902,10000,39.450655,-91.0477588,non_academic,,"Carnegie Public Library, Louisiana, Missouri"
Loup City,Nebraska,1916,8000,41.275309,-98.9666070,non_academic,,"Carnegie Public Library, Loup City, Nebraska"
Loveland,Colorado,1907,10000,40.395451,-105.0745837,non_academic,,"Carnegie Public Library, Loveland, Colorado"
Lowell,Indiana,1918,12500,41.2914243,-87.4205903,non_academic,,"Carnegie Public Library, Lowell, Indiana"
Ludington,Michigan,1903,15000,43.956163,-86.4453381,non_academic,,"Carnegie Public Library, Ludington, Michigan"
Lusk,Wyoming,1914,11000,42.7624668,-104.4521747,non_academic,,"Carnegie Public Library, Lusk, Wyoming"
Luverne,Minnesota,1903,10000,43.6541806,-96.2114671,non_academic,,"Carnegie Public Library, Luverne, Minnesota"
Lyndon,Kansas,1909,8000,38.609031,-95.6834230,non_academic,,"Carnegie Public Library, Lyndon, Kansas"
Lyons,Kansas,1909,6000,38.3479021,-98.2050839,non_academic,,"Carnegie Public Library, Lyons, Kansas"
Macomb,Illinois,1903,15000,40.4566399,-90.6716523,non_academic,,"Carnegie Public Library, Macomb, Illinois"
Madison,Maine,1904,8000,44.7967305,-69.8796978,non_academic,,"Carnegie Public Library, Madison, Maine"
Madison,Minnesota,1905,8000,45.0124649,-96.1935220,non_academic,,"Carnegie Public Library, Madison, Minnesota"
Madison,Nebraska,1911,6000,41.8281826,-97.4566871,non_academic,,"Carnegie Public Library, Madison, Nebraska"
Madison,Ohio,1915,10000,41.7711633,-81.0498190,non_academic,,"Carnegie Public Library, Madison, Ohio"
Madison,South Dakota,1906,10000,44.0047346,-97.1117761,non_academic,,"Carnegie Public Library, Madison, South Dakota"
Malta,Montana,1917,15000,48.3597197,-107.8742831,non_academic,,"Carnegie Public Library, Malta, Montana"
Malvern,Iowa,1915,8000,41.0038621,-95.5848269,non_academic,,"Carnegie Public Library, Malvern, Iowa"
Manassas,Virginia,1908,15000,38.7654309,-77.4576396,academic,,
Mancelona,Michigan,1916,10000,44.9026585,-85.0633628,non_academic,,"Carnegie Public Library, Mancelona, Michigan"
Manchester,Iowa,1902,10000,42.4860314,-91.4583851,non_academic,,"Carnegie Public Library, Manchester, Iowa"
Manhattan,Kansas,1903,10000,39.1790626,-96.5662425,non_academic,,"Carnegie Public Library, Manhattan, Kansas"
Manistee,Michigan,1902,35000,44.2461998,-86.3234425,non_academic,,"Carnegie Public Library, Manistee, Michigan"
Manitou Springs,Colorado,1909,6500,38.8573268,-104.9117583,non_academic,,"Carnegie Public Library, Manitou Springs, Colorado"
Manitowoc,Wisconsin,1902,25000,44.0908774,-87.6571339,non_academic,,"Carnegie Public Library, Manitowoc, Wisconsin"
Mankato,Minnesota,1901,40000,44.1677258,-94.0022289,non_academic,,"Carnegie Public Library, Mankato, Minnesota"
Mansfield,Ohio,1903,37000,40.7577441,-82.5137595,non_academic,,"Carnegie Public Library, Mansfield, Ohio"
Mansfield,Pennsylvania,1911,5000,41.80903,-77.0791540,non_academic,,"Carnegie Public Library, Mansfield, Pennsylvania"
Manti,Utah,1910,11470,39.2650974,-111.6373959,non_academic,,"Carnegie Public Library, Manti, Utah"
Mapleton,Minnesota,1905,5000,43.92855,-93.9577372,non_academic,,"Carnegie Public Library, Mapleton, Minnesota"
Maquoketa,Iowa,1902,12500,42.0680625,-90.6670820,non_academic,,"Carnegie Public Library, Maquoketa, Iowa"
Marceline,Missouri,1917,12500,39.7158475,-92.9485617,non_academic,,"Carnegie Public Library, Marceline, Missouri"
Marengo,Iowa,1903,10000,41.7988449,-92.0682640,non_academic,,"Carnegie Public Library, Marengo, Iowa"
Marietta,Ohio,1905,40000,39.4170963,-81.4495522,academic,,"Carnegie Academic Library, Marietta College"
Marietta,Ohio,1913,30000,39.4233119,-81.4567060,non_academic,,"Carnegie Public Library, Marietta, Ohio"
Marion,Illinois,1909,18000,37.7302704,-88.9281171,non_academic,,"Carnegie Public Library, Marion, Illinois"
Marion,Indiana,1901,50000,40.5554885,-85.6601638,non_academic,,"Carnegie Public Library, Marion, Indiana"
Marion,Iowa,1903,11500,42.0321935,-91.5974600,non_academic,,"Carnegie Public Library, Marion, Iowa"
Marion,Ohio,1902,30000,40.5857223,-83.1282723,non_academic,,"Carnegie Public Library, Marion, Ohio"
Marion,South Carolina,1904,7500,34.177907,-79.3995224,non_academic,,"Carnegie Public Library, Marion, South Carolina"
Marlborough,Massachusetts,1902,30000,42.3459271,-71.5522874,non_academic,,"Carnegie Public Library, Marlborough, Massachusetts"
Marlette,Michigan,1918,7500,43.3256972,-83.0803025,non_academic,,"Carnegie Public Library, Marlette, Michigan"
Marseilles,Illinois,1904,10000,41.329981,-88.7069070,non_academic,,"Carnegie Public Library, Marseilles, Illinois"
Marshall,Minnesota,1903,10000,44.448423,-95.7911916,non_academic,,"Carnegie Public Library, Marshall, Minnesota"
Marshalltown,Iowa,1901,30000,42.0461255,-92.9152965,non_academic,,"Carnegie Public Library, Marshalltown, Iowa"
Marshfield,Missouri,1910,5000,37.3378546,-92.9082274,non_academic,,"Carnegie Public Library, Marshfield, Missouri"
Martinsville,Indiana,1906,12500,39.4255371,-86.4276673,non_academic,,"Carnegie Public Library, Martinsville, Indiana"
Marysville,Ohio,1906,10000,40.2344879,-83.3662258,non_academic,,"Carnegie Public Library, Marysville, Ohio"
Maryville,Missouri,1903,14000,40.3499322,-94.8726057,non_academic,,"Carnegie Public Library, Maryville, Missouri"
Mason City,Iowa,1902,20000,43.1490179,-93.1973462,non_academic,,"Carnegie Public Library, Mason City, Iowa"
Mattoon,Illinois,1901,25000,39.4819077,-88.3742274,non_academic,,"Carnegie Public Library, Mattoon, Illinois"
Maumee,Ohio,1915,10000,41.5668734,-83.6464996,non_academic,,"Carnegie Public Library, Maumee, Ohio"
Maywood,Illinois,1904,12500,41.8873546,-87.8389179,non_academic,,"Carnegie Public Library, Maywood, Illinois"
McAlester,Oklahoma,1906,25000,34.9334298,-95.7697131,non_academic,,"Carnegie Public Library, McAlester, Oklahoma"
McCook,Nebraska,1905,11000,40.2049748,-100.6261301,non_academic,,"Carnegie Public Library, McCook, Nebraska"
McKeesport,Pennsylvania,1899,50000,40.345287,-79.8551881,non_academic,,"Carnegie Public Library, McKeesport, Pennsylvania"
McMinnville,Oregon,1912,10000,45.2097515,-123.1996916,non_academic,,"Carnegie Public Library, McMinnville, Oregon"
McPherson,Kansas,1905,13500,38.3719908,-97.6436439,academic,,"Carnegie Academic Library, McPherson College"
McPherson,Kansas,1915,12500,38.370675,-97.6689730,non_academic,,"Carnegie Public Library, McPherson, Kansas"
Medford,Oregon,1911,20000,42.3257382,-122.8706129,non_academic,,"Carnegie Public Library, Medford, Oregon"
Medford,Wisconsin,1913,6000,45.1385798,-90.3401404,non_academic,,"Carnegie Public Library, Medford, Wisconsin"
Melrose,Massachusetts,1901,25000,42.456157,-71.0705250,non_academic,,"Carnegie Public Library, Melrose, Massachusetts"
Memphis,Texas,1912,10000,34.7247758,-100.5340144,non_academic,,"Carnegie Public Library, Memphis, Texas"
Mendon,Michigan,1905,10000,42.0071438,-85.4535955,non_academic,,"Carnegie Public Library, Mendon, Michigan"
Mendota,Illinois,1904,10000,41.5472547,-89.1175851,non_academic,,"Carnegie Public Library, Mendota, Illinois"
Macon,Georgia,1906,20000,32.8290459,-83.6493307,academic,,"Carnegie Academic Library, Mercer University"
Merom,Indiana,1916,10000,39.0564308,-87.5675234,non_academic,,"Carnegie Public Library, Merom, Indiana"
Merrill,Wisconsin,1907,17500,45.1797681,-89.7014809,non_academic,,"Carnegie Public Library, Merrill, Wisconsin"
Metropolis,Illinois,1912,9000,37.1495194,-88.7319750,non_academic,,"Carnegie Public Library, Metropolis, Illinois"
Mexico,Missouri,1912,12500,39.172455,-91.8850210,non_academic,,"Carnegie Public Library, Mexico, Missouri"
Oxford,Ohio,1905-21,90000,39.5087485,-84.7344915,academic,,
Miami,Oklahoma,1916,10000,36.8779442,-94.8770626,non_academic,,"Carnegie Public Library, Miami, Oklahoma"
Miamisburg,Ohio,1908,12500,39.6392099,-84.2822722,non_academic,,"Carnegie Public Library, Miamisburg, Ohio"
Middleport,Ohio,1911,8100,39.0006994,-82.0496525,non_academic,,"Carnegie Public Library, Middleport, Ohio"
Middlesboro,Kentucky,1908,15000,36.6063804,-83.7143707,non_academic,,"Carnegie Public Library, Middlesboro, Kentucky"
Middletown,Ohio,1902,25000,39.5138992,-84.4049003,non_academic,,"Carnegie Public Library, Middletown, Ohio"
Midland,Texas,1906,15000,32.0297923,-102.1085317,academic,,
Midland,Michigan,1917,12500,43.6155825,-84.2472116,non_academic,,"Carnegie Public Library, Midland, Michigan"
Midland,Pennsylvania,1914,20000,40.6367812,-80.4506653,non_academic,,"Carnegie Public Library, Midland, Pennsylvania"
Milan,Ohio,1911,8000,41.2977778,-82.6047222,non_academic,,"Carnegie Public Library, Milan, Ohio"
Milbank,South Dakota,1905,7000,45.2166011,-96.6360855,non_academic,,"Carnegie Public Library, Milbank, South Dakota"
Miles City,Montana,1901,10000,46.407344,-105.8458850,non_academic,,"Carnegie Public Library, Miles City, Montana"
Milford,Indiana,1915,10000,41.4283811,-85.8419371,non_academic,,"Carnegie Public Library, Milford, Indiana"
Milford,Illinois,1904,7000,40.6281962,-87.6933741,non_academic,,"Carnegie Public Library, Milford, Illinois"
Mill Valley,California,1910,10000,37.9059907,-122.5542859,non_academic,,"Carnegie Public Library, Mill Valley, California"
Millbury,Massachusetts,1915,12500,42.1904464,-71.7631478,non_academic,,"Carnegie Public Library, Millbury, Massachusetts"
Oakland,California,1905,20000,37.7805988,-122.1825631,academic,,
Jackson,Mississippi,1906-23,65000,32.3216308,-90.1790274,academic,,"Carnegie Academic Library, Millsaps College"
Milo,Maine,1908,8500,45.2536285,-68.9860489,non_academic,,"Carnegie Public Library, Milo, Maine"
Milton-Freewater,Oregon,1915,7500,45.9326346,-118.3877435,non_academic,,"Carnegie Public Library, Milton-Freewater, Oregon"
Minot,North Dakota,1908,15000,48.2338552,-101.2881171,non_academic,,"Carnegie Public Library, Minot, North Dakota"
Mishawaka,Indiana,1915,30000,41.6606189,-86.1785800,non_academic,,"Carnegie Public Library, Mishawaka, Indiana"
Missoula,Montana,1903,21500,46.8698305,-113.9899158,non_academic,,"Carnegie Public Library, Missoula, Montana"
Missouri Valley,Iowa,1909,10000,41.5572793,-95.8894926,non_academic,,"Carnegie Public Library, Missouri Valley, Iowa"
Mitchell,Indiana,1914,15000,38.7321628,-86.4749303,non_academic,,"Carnegie Public Library, Mitchell, Indiana"
Mitchell,South Dakota,1902,12000,43.7112326,-98.0286196,non_academic,,"Carnegie Public Library, Mitchell, South Dakota"
Moberly,Missouri,1902,20000,39.4183689,-92.4382367,non_academic,,"Carnegie Public Library, Moberly, Missouri"
Moline,Illinois,1901,40000,41.5067003,-90.5151342,non_academic,,"Carnegie Public Library, Moline, Illinois"
Monmouth,Illinois,1905,30000,40.9148177,-90.6373027,academic,,"Carnegie Academic Library, Monmouth College"
Monon,Indiana,1913,10000,40.8639377,-86.8788900,non_academic,,"Carnegie Public Library, Monon, Indiana"
Monroe City,Missouri,1916,7500,39.6541275,-91.7343831,non_academic,,"Carnegie Public Library, Monroe City, Missouri"
Monrovia,California,1905,10000,34.1485177,-118.0020418,non_academic,,"Carnegie Public Library, Monrovia, California"
Monte Vista,Colorado,1916,10000,37.5799388,-106.1450321,non_academic,,"Carnegie Public Library, Monte Vista, Colorado"
Monterey,California,1907,10000,36.5963932,-121.8968893,non_academic,,"Carnegie Public Library, Monterey, California"
Monterey,Indiana,1917,5000,41.156774,-86.4812670,non_academic,,"Carnegie Public Library, Monterey, Indiana"
Montevideo,Minnesota,1905,10000,44.9436951,-95.7234518,non_academic,,"Carnegie Public Library, Montevideo, Minnesota"
Montezuma,Georgia,1906,10000,32.3051576,-84.0274072,non_academic,,"Carnegie Public Library, Montezuma, Georgia"
Montezuma,Iowa,1917,8000,41.5851462,-92.5220412,non_academic,,"Carnegie Public Library, Montezuma, Iowa"
Montgomery,Alabama,1901,50000,32.3792193,-86.3057508,non_academic,,"Carnegie Public Library, Montgomery, Alabama"
Monticello,Indiana,1906,10000,40.7443938,-86.7659117,non_academic,,"Carnegie Public Library, Monticello, Indiana"
Monticello,Iowa,1903,10500,42.237623,-91.1875220,non_academic,,"Carnegie Public Library, Monticello, Iowa"
Montpelier,Indiana,1907,10000,40.5528532,-85.2781109,non_academic,,"Carnegie Public Library, Montpelier, Indiana"
Mooresville,Indiana,1913,10000,39.6122407,-86.3802503,non_academic,,"Carnegie Public Library, Mooresville, Indiana"
Moorhead,Minnesota,1904,12000,46.871224,-96.7671450,non_academic,,"Carnegie Public Library, Moorhead, Minnesota"
Morrilton,Arkansas,1915,10000,35.1526163,-92.7437844,non_academic,,"Carnegie Public Library, Morrilton, Arkansas"
Morris,Illinois,1912,12500,41.3613758,-88.4240987,non_academic,,"Carnegie Public Library, Morris, Illinois"
Morris,Minnesota,1903,10000,45.5873477,-95.9125314,non_academic,,"Carnegie Public Library, Morris, Minnesota"
Morristown,Vermont,1911,7000,44.5572744,-72.6237275,non_academic,,"Carnegie Public Library, Morristown, Vermont"
Moscow,Idaho,1904,10000,46.7334609,-116.9982318,non_academic,,"Carnegie Public Library, Moscow, Idaho"
Moultrie,Georgia,1906,10000,31.1799407,-83.7888387,non_academic,,"Carnegie Public Library, Moultrie, Georgia"
Mound Bayou,Mississippi,1909,4000,33.8781674,-90.7273204,non_academic,,"Carnegie Public Library, Mound Bayou, Mississippi"
Mount Ayr,Iowa,1915,8000,40.7136268,-94.2385323,non_academic,,"Carnegie Public Library, Mount Ayr, Iowa"
Mount Carmel,Illinois,1909,15000,38.4148114,-87.7615317,non_academic,,"Carnegie Public Library, Mount Carmel, Illinois"
Mount Carroll,Illinois,1905,11000,42.1002441,-89.9791788,non_academic,,"Carnegie Public Library, Mount Carroll, Illinois"
Mount Clemens,Michigan,1902,17000,42.5976976,-82.8770232,non_academic,,"Carnegie Public Library, Mount Clemens, Michigan"
South Hadley,Massachusetts,1903,50000,42.2573414,-72.5753019,academic,,"Carnegie Academic Library, Mount Holyoke College"
Mount Pleasant,Iowa,1903,12500,40.966692,-91.5492290,non_academic,,"Carnegie Public Library, Mount Pleasant, Iowa"
Mount Sterling,Ohio,1911,10000,39.7185638,-83.2666527,non_academic,,"Carnegie Public Library, Mount Sterling, Ohio"
Mount Vernon,Illinois,1903,15000,38.3175847,-88.8994427,non_academic,,"Carnegie Public Library, Mount Vernon, Illinois"
Mount Vernon,Indiana,1902,14000,37.9333329,-87.8966415,non_academic,,"Carnegie Public Library, Mount Vernon, Indiana"
Mount Vernon,New York,1901,72000,40.9105367,-73.8344479,non_academic,,"Carnegie Public Library, Mount Vernon, New York"
Mountain Home,Idaho,1907,6000,43.1329504,-115.6911975,non_academic,,"Carnegie Public Library, Mountain Home, Idaho"
Mountain Iron,Minnesota,1914,8000,47.5328352,-92.6218997,non_academic,,"Carnegie Public Library, Mountain Iron, Minnesota"
Mount Pleasant,Utah,1916,10000,39.5469073,-111.4554659,non_academic,,"Carnegie Public Library, Mount Pleasant, Utah"
Muncie,Indiana,1901,55000,40.1926169,-85.3839647,non_academic,,"Carnegie Public Library, Muncie, Indiana"
Munhall,Pennsylvania,1896,322067,40.3922914,-79.9000499,non_academic,,"Carnegie Public Library, Munhall, Pennsylvania"
Murphy,North Carolina,1916,7500,35.086761,-84.0316820,non_academic,,"Carnegie Public Library, Murphy, North Carolina"
Murray,Utah,1911,10000,40.6613745,-111.8832208,non_academic,,"Carnegie Public Library, Murray, Utah"
Muskogee,Oklahoma,1910,60000,35.7478769,-95.3696909,non_academic,,"Carnegie Public Library, Muskogee, Oklahoma"
Nampa,Idaho,1907,10500,43.5788175,-116.5597800,non_academic,,"Carnegie Public Library, Nampa, Idaho"
Napoleon,Ohio,1911,10000,41.3913359,-84.1288904,non_academic,,"Carnegie Public Library, Napoleon, Ohio"
Nashua,Iowa,1905,5690,42.9530484,-92.5378395,non_academic,,"Carnegie Public Library, Nashua, Iowa"
National City,California,1909,10000,32.6781085,-117.0991967,non_academic,,"Carnegie Public Library, National City, California"
Needham,Massachusetts,1903,10000,42.2809285,-71.2377548,non_academic,,"Carnegie Public Library, Needham, Massachusetts"
Neenah,Wisconsin,1901,12500,44.184971,-88.4577135,non_academic,,"Carnegie Public Library, Neenah, Wisconsin"
Neillsville,Wisconsin,1913,10000,44.5591629,-90.5960219,non_academic,,"Carnegie Public Library, Neillsville, Wisconsin"
Neligh,Nebraska,1908,5000,42.1323817,-98.0302604,non_academic,,"Carnegie Public Library, Neligh, Nebraska"
Nevada City,California,1904,10000,39.2639237,-121.0181895,non_academic,,"Carnegie Public Library, Nevada City, California"
Nevada,Missouri,1915,17500,37.8393878,-94.3581245,non_academic,,"Carnegie Public Library, Nevada, Missouri"
New Albany,Indiana,1902,40000,38.2852692,-85.8260258,non_academic,,"Carnegie Public Library, New Albany, Indiana"
New Brunswick,New Jersey,1902,52500,40.4966567,-74.4442802,non_academic,,"Carnegie Public Library, New Brunswick, New Jersey"
New Carlisle,Indiana,1917,9000,41.7003231,-86.5094620,non_academic,,"Carnegie Public Library, New Carlisle, Indiana"
New Castle,Indiana,1913,20000,39.929175,-85.3669760,non_academic,,"Carnegie Public Library, New Castle, Indiana"
New Hampton,Iowa,1908,10000,43.0581457,-92.3161627,non_academic,,"Carnegie Public Library, New Hampton, Iowa"
New London,Ohio,1914,10000,41.0839153,-82.3984478,non_academic,,"Carnegie Public Library, New London, Ohio"
New London,Wisconsin,1903,10000,44.3894444,-88.7394444,non_academic,,"Carnegie Public Library, New London, Wisconsin"
New Marlborough,Massachusetts,1917,5000,42.1111825,-73.2529464,non_academic,,"Carnegie Public Library, New Marlborough, Massachusetts"
New Rochelle,New York,1901,60000,40.9114882,-73.7823549,non_academic,,"Carnegie Public Library, New Rochelle, New York"
Newaygo,Michigan,1913,5000,43.4204254,-85.7985458,non_academic,,"Carnegie Public Library, Newaygo, Michigan"
Newberg,Oregon,1911,10000,45.3030817,-122.9693971,non_academic,,"Carnegie Public Library, Newberg, Oregon"
Newburgh,Indiana,1916,10000,37.9444522,-87.4063854,non_academic,,"Carnegie Public Library, Newburgh, Indiana"
Newcastle,Wyoming,1911,12500,43.8556532,-104.2030102,non_academic,,"Carnegie Public Library, Newcastle, Wyoming"
Newman,California,1914,8000,37.316418,-121.0277100,non_academic,,"Carnegie Public Library, Newman, California"
Newnan,Georgia,1901,10000,33.3743424,-84.8006904,non_academic,,"Carnegie Public Library, Newnan, Georgia"
Newport,Kentucky,1899,26500,39.091449,-84.4957757,non_academic,,"Carnegie Public Library, Newport, Kentucky"
Newton,Iowa,1902,10000,41.7019697,-93.0540823,non_academic,,"Carnegie Public Library, Newton, Iowa"
Newton,Kansas,1902,16000,38.0466779,-97.3450365,non_academic,,"Carnegie Public Library, Newton, Kansas"
Niagara Falls,New York,1901,50000,43.1023413,-79.0515031,non_academic,,"Carnegie Public Library, Niagara Falls, New York"
Niles,Michigan,1903,15000,41.829295,-86.2521529,non_academic,,"Carnegie Public Library, Niles, Michigan"
Noblesville,Indiana,1903,12500,40.0445621,-86.0149237,non_academic,,"Carnegie Public Library, Noblesville, Indiana"
Norfolk,Nebraska,1907,10000,42.0324339,-97.4178383,non_academic,,"Carnegie Public Library, Norfolk, Nebraska"
North Bend,Nebraska,1911,7500,41.4619485,-96.7797515,non_academic,,"Carnegie Public Library, North Bend, Nebraska"
Penn Hills,Pennsylvania,1901,20600,40.4934014,-79.7972702,non_academic,,"Carnegie Public Library, Penn Hills, Pennsylvania"
Naperville,Illinois,1905,25000,41.7771839,-88.1428219,academic,,"Carnegie Academic Library, North Central College"
Fargo,North Dakota,1905,18400,46.8908489,-96.8013066,academic,,"Carnegie Academic Library, North Dakota Agricultural College"
North Judson,Indiana,1917,10000,41.2161278,-86.7759141,non_academic,,"Carnegie Public Library, North Judson, Indiana"
North Manchester,Indiana,1910,10000,41.0028787,-85.7691467,non_academic,,"Carnegie Public Library, North Manchester, Indiana"
North Platte,Nebraska,1910,12000,41.1402759,-100.7601454,non_academic,,"Carnegie Public Library, North Platte, Nebraska"
North Tonawanda,New York,1902,20000,43.038668,-78.8642033,non_academic,,"Carnegie Public Library, North Tonawanda, New York"
North Vernon,Indiana,1918,20000,39.006165,-85.6235796,non_academic,,"Carnegie Public Library, North Vernon, Indiana"
Yakima,Washington,1903,15000,46.6044415,-120.5043262,non_academic,,"Carnegie Public Library, North Yakima, Washington"
Northfield,Minnesota,1908,10000,44.4577908,-93.1588367,non_academic,,"Carnegie Public Library, Northfield, Minnesota"
Northport,New York,1913,10000,40.9009313,-73.3431727,non_academic,,"Carnegie Public Library, Northport, New York"
Norwalk,Connecticut,1901,20000,41.116696,-73.4154620,non_academic,,"Carnegie Public Library, Norwalk, Connecticut"
Norwalk,Ohio,1903,15000,41.2420959,-82.6149720,non_academic,,"Carnegie Public Library, Norwalk, Ohio"
Northfield,Vermont,1905,25000,44.137041,-72.6604067,academic,,"Carnegie Academic Library, Norwich University"
Nutley,New Jersey,1913,20000,40.8151107,-74.1625120,non_academic,,"Carnegie Public Library, Nutley, New Jersey"
Nyack,New York,1901,15000,41.0886523,-73.9183613,non_academic,,"Carnegie Public Library, Nyack, New York"
O'Neill,Nebraska,1912,10000,42.4572744,-98.6442893,non_academic,,"Carnegie Public Library, O'Neill, Nebraska"
Oakdale,California,1916,7000,37.7666263,-120.8470308,non_academic,,"Carnegie Public Library, Oakdale, California"
Oakland,Maine,1912,10000,44.5463075,-69.7196379,non_academic,,"Carnegie Public Library, Oakland, Maine"
Oakmont,Pennsylvania,1899,25000,40.522057,-79.8417112,non_academic,,"Carnegie Public Library, Oakmont, Pennsylvania"
Oberlin,Ohio,1905,150000,41.2930944,-82.2229389,academic,,"Carnegie Academic Library, Oberlin College"
Ocala,Florida,1907,10000,29.1880517,-82.1391132,non_academic,,"Carnegie Public Library, Ocala, Florida"
Odebolt,Iowa,1904,4000,42.3118352,-95.2534791,non_academic,,"Carnegie Public Library, Odebolt, Iowa"
Ogden,Utah,1901,25000,41.223,-111.9738304,non_academic,,"Carnegie Public Library, Ogden, Utah"
Athens,Ohio,1915,13700,39.3254282,-82.1002278,academic,,"Carnegie Academic Library, Ohio University"
Oil City,Pennsylvania,1900,44000,41.4289588,-79.7113800,non_academic,,"Carnegie Public Library, Oil City, Pennsylvania"
Oklahoma City,Oklahoma,1899,60000,35.47129,-97.5168981,non_academic,,"Carnegie Public Library, Oklahoma City, Oklahoma"
Okolona,Mississippi,1914,7500,34.0044241,-88.7509464,non_academic,,"Carnegie Public Library, Okolona, Mississippi"
Olathe,Kansas,1909,10000,38.8838787,-94.8198352,non_academic,,"Carnegie Public Library, Olathe, Kansas"
Old Town,Maine,1903,10000,44.935349,-68.6481180,non_academic,,"Carnegie Public Library, Old Town, Maine"
Olean,New York,1906,40000,42.0791244,-78.4321212,non_academic,,"Carnegie Public Library, Olean, New York"
Olney,Illinois,1903,11500,38.7308811,-88.0853154,non_academic,,"Carnegie Public Library, Olney, Illinois"
Olympia,Washington,1903,25000,47.0413393,-122.8979925,non_academic,,"Carnegie Public Library, Olympia, Washington"
Onarga,Illinois,1906,5000,40.7150544,-88.0095342,non_academic,,"Carnegie Public Library, Onarga, Illinois"
Onawa,Iowa,1907,10000,42.02618,-96.0934489,non_academic,,"Carnegie Public Library, Onawa, Iowa"
Ontario,California,1905,12000,34.0660634,-117.6490765,non_academic,,"Carnegie Public Library, Ontario, California"
Ontario,Oregon,1912,7500,44.0253469,-116.9682270,non_academic,,"Carnegie Public Library, Ontario, Oregon"
Orange,California,1907,10000,33.7882511,-117.8495626,non_academic,,"Carnegie Public Library, Orange, California"
City of Orange,New Jersey,1915,1500,40.7683805,-74.2407122,non_academic,,"Carnegie Public Library, City of Orange, New Jersey"
Oregon City,Oregon,1911,12500,45.355345,-122.6041550,non_academic,,"Carnegie Public Library, Oregon City, Oregon"
Oregon,Illinois,1905,10000,42.0135546,-89.3316929,non_academic,,"Carnegie Public Library, Oregon, Illinois"
Orland,California,1913,8000,39.744874,-122.1936087,non_academic,,"Carnegie Public Library, Orland, California"
Orleans,Indiana,1915,10000,38.6635,-86.4525526,non_academic,,"Carnegie Public Library, Orleans, Indiana"
Orosi,California,1917,3000,36.5449741,-119.2904485,non_academic,,"Carnegie Public Library, Orosi, California"
Oroville,California,1911,10000,39.5127663,-121.5588966,non_academic,,"Carnegie Public Library, Oroville, California"
Ortonville,Minnesota,1913,10000,45.3084583,-96.4481972,non_academic,,"Carnegie Public Library, Ortonville, Minnesota"
Osage,Iowa,1905,10000,43.2841382,-92.8190838,non_academic,,"Carnegie Public Library, Osage, Iowa"
Osawatomie,Kansas,1910,7500,38.4977419,-94.9498892,non_academic,,"Carnegie Public Library, Osawatomie, Kansas"
Osborne,Kansas,1912,6000,39.4388993,-98.6947949,non_academic,,"Carnegie Public Library, Osborne, Kansas"
Osceola,Iowa,1908,11000,41.0318027,-93.7678620,non_academic,,"Carnegie Public Library, Osceola, Iowa"
Osgood,Indiana,1913,9000,39.1293676,-85.2923320,non_academic,,"Carnegie Public Library, Osgood, Indiana"
Oskaloosa,Iowa,1902,22000,41.2964291,-92.6431775,non_academic,,"Carnegie Public Library, Oskaloosa, Iowa"
Ossining,New York,1911,26000,41.1641182,-73.8601847,non_academic,,"Carnegie Public Library, Ossining, New York"
Oswego,Kansas,1909,5000,37.1668252,-95.1077286,non_academic,,"Carnegie Public Library, Oswego, Kansas"
Ottawa,Kansas,1902,15000,38.615768,-95.2686366,non_academic,,"Carnegie Public Library, Ottawa, Kansas"
Westerville,Ohio,1905,20000,40.1268746,-82.9371852,academic,,
Ottumwa,Iowa,1900,50000,41.0197848,-92.4114454,non_academic,,"Carnegie Public Library, Ottumwa, Iowa"
Owensboro,Kentucky,1903,30000,37.7687914,-87.1124344,non_academic,,"Carnegie Public Library, Owensboro, Kentucky"
Owensville,Indiana,1915,12500,38.2718843,-87.6911456,non_academic,,"Carnegie Public Library, Owensville, Indiana"
Owosso,Michigan,1913,20000,42.9979705,-84.1771459,non_academic,,"Carnegie Public Library, Owosso, Michigan"
Oxford,Indiana,1914,8000,40.5202939,-87.2491109,non_academic,,"Carnegie Public Library, Oxford, Indiana"
Oxnard,California,1906,12000,34.2009799,-119.1789020,non_academic,,"Carnegie Public Library, Oxnard, California"
Pacific Grove,California,1906,10000,36.6223357,-121.9163085,non_academic,,"Carnegie Public Library, Pacific Grove, California"
Forest Grove,Oregon,1905,20000,45.5214605,-123.1085407,academic,,"Carnegie Academic Library, Pacific University"
Paducah,Kentucky,1901,35000,37.0841284,-88.5988468,non_academic,,"Carnegie Public Library, Paducah, Kentucky"
Palestine,Texas,1912,15000,31.7632897,-95.6342534,non_academic,,"Carnegie Public Library, Palestine, Texas"
Palmetto,Florida,1914,10000,27.5214269,-82.5723193,non_academic,,"Carnegie Public Library, Palmetto, Florida"
Palo Alto,California,1903,10000,37.4447937,-122.1451991,non_academic,,"Carnegie Public Library, Palo Alto, California"
Pana,Illinois,1911,14000,39.3884418,-89.0784473,non_academic,,"Carnegie Public Library, Pana, Illinois"
Panguitch,Utah,1915,6000,37.8224187,-112.4312241,non_academic,,"Carnegie Public Library, Panguitch, Utah"
Paoli,Indiana,1913,8000,38.5547501,-86.4688201,non_academic,,"Carnegie Public Library, Paoli, Indiana"
Paris,Illinois,1902,18000,39.6158402,-87.6947932,non_academic,,"Carnegie Public Library, Paris, Illinois"
Paris,Kentucky,1903,12000,38.2106481,-84.2528289,non_academic,,"Carnegie Public Library, Paris, Kentucky"
Parkville,Missouri,1904-21,65000,39.1903009,-94.6802820,academic,,"Carnegie Academic Library, Park College"
Park Rapids,Minnesota,1908,5000,46.9218677,-95.0612557,non_academic,,"Carnegie Public Library, Park Rapids, Minnesota"
Park Ridge,Illinois,1909,7500,42.0106813,-87.8305023,non_academic,,"Carnegie Public Library, Park Ridge, Illinois"
Parkersburg,West Virginia,1903,34000,39.2667418,-81.5615135,non_academic,,"Carnegie Public Library, Parkersburg, West Virginia"
Parowan,Utah,1913,6000,37.8417169,-112.8280774,non_academic,,"Carnegie Public Library, Parowan, Utah"
Fairfield,Iowa,1905,15000,41.0043801,-91.9644948,academic,,"Carnegie Academic Library, Parsons College"
Parsons,Kansas,1907,22500,37.338246,-95.2611580,non_academic,,"Carnegie Public Library, Parsons, Kansas"
Pasco,Washington,1909,10000,46.2305049,-119.0922316,non_academic,,"Carnegie Public Library, Pasco, Washington"
Paso Robles,California,1906,10000,35.6253963,-120.6906501,non_academic,,"Carnegie Public Library, Paso Robles, California"
Patchogue,New York,1905,15000,40.7655191,-73.0186932,non_academic,,"Carnegie Public Library, Patchogue, New York"
Patterson,California,1917,3000,37.4716546,-121.1299128,non_academic,,"Carnegie Public Library, Patterson, California"
Paulding,Ohio,1912,40000,41.1361648,-84.5791483,non_academic,,"Carnegie Public Library, Paulding, Ohio"
Paw Paw,Michigan,1917,10000,42.2178171,-85.8911246,non_academic,,"Carnegie Public Library, Paw Paw, Michigan"
Pawnee City,Nebraska,1904,7000,40.1102391,-96.1521755,non_academic,,"Carnegie Public Library, Pawnee City, Nebraska"
Paxton,Illinois,1903,10000,40.4589253,-88.0985859,non_academic,,"Carnegie Public Library, Paxton, Illinois"
Peabody,Kansas,1913,10000,38.1670918,-97.1063840,non_academic,,"Carnegie Public Library, Peabody, Kansas"
Pecos,Texas,1911,9000,31.4247951,-103.4954681,non_academic,,"Carnegie Public Library, Pecos, Texas"
Pekin,Illinois,1900,17500,40.5675388,-89.6406580,non_academic,,"Carnegie Public Library, Pekin, Illinois"
Pelham,Georgia,1906,10000,31.1273948,-84.1533200,non_academic,,"Carnegie Public Library, Pelham, Georgia"
Pella,Iowa,1905,11000,41.4044306,-92.9169250,non_academic,,"Carnegie Public Library, Pella, Iowa"
Pendleton,Indiana,1911,8000,40.0024979,-85.7456911,non_academic,,"Carnegie Public Library, Pendleton, Indiana"
Pendleton,Oregon,1915,25000,45.672075,-118.7885967,non_academic,,"Carnegie Public Library, Pendleton, Oregon"
Penn Yan,New York,1903,10000,42.6642976,-77.0562917,non_academic,,"Carnegie Public Library, Penn Yan, New York"
State College,Pennsylvania,1902,150000,40.7982133,-77.8599084,academic,,
Peoria,Illinois,1909,20000,40.6805245,-89.6143748,non_academic,,"Carnegie Public Library, Peoria, Illinois"
Pennsburg,Pennsylvania,1906-13,21000,40.3996129,-75.5038788,academic,,
Perry,Iowa,1903,10600,41.838173,-94.1061223,non_academic,,"Carnegie Public Library, Perry, Iowa"
Perry,New York,1912,12000,42.7202993,-77.9996649,non_academic,,"Carnegie Public Library, Perry, New York"
Perry,Oklahoma,1909,10000,36.286416,-97.2878770,non_academic,,"Carnegie Public Library, Perry, Oklahoma"
Perth Amboy,New Jersey,1901,50450,40.5057992,-74.2652972,non_academic,,"Carnegie Public Library, Perth Amboy, New Jersey"
Peru,Illinois,1910,15000,41.3343134,-89.1243724,non_academic,,"Carnegie Public Library, Peru, Illinois"
Peru,Indiana,1901,25000,40.7554681,-86.0660407,non_academic,,"Carnegie Public Library, Peru, Indiana"
Point Reyes Station,California,1903,12500,38.069659,-122.8064203,non_academic,,"Carnegie Public Library, Petaluma, California"
Petersburg,Illinois,1906,8000,40.0096929,-89.8480801,non_academic,,"Carnegie Public Library, Petersburg, Illinois"
Petoskey,Michigan,1907,12500,45.3733428,-84.9553296,non_academic,,"Carnegie Public Library, Petoskey, Michigan"
Phoenix,Arizona,1902,25000,33.4483771,-112.0740373,non_academic,,"Carnegie Public Library, Phoenix, Arizona"
Phoenixville,Pennsylvania,1901,20000,40.1288377,-75.5141193,non_academic,,"Carnegie Public Library, Phoenixville, Pennsylvania"
Columbus,Ohio,1912,10000,39.8842304,-82.7535049,non_academic,,"Carnegie Public Library, Columbus, Ohio"
Pierce,Nebraska,1911,4000,42.2002861,-97.5291977,non_academic,,"Carnegie Public Library, Pierce, Nebraska"
Pierceton,Indiana,1915,10000,41.19872,-85.7056790,non_academic,,"Carnegie Public Library, Pierceton, Indiana"
Pierre,South Dakota,1903,12500,44.3671095,-100.3463420,non_academic,,"Carnegie Public Library, Pierre, South Dakota"
Pipestone,Minnesota,1903,10000,43.9987967,-96.3154613,non_academic,,"Carnegie Public Library, Pipestone, Minnesota"
Pittsburg,Kansas,1909,40000,37.41068,-94.7073800,non_academic,,"Carnegie Public Library, Pittsburg, Kansas"
Pittsburg,Texas,1898,5000,32.9954021,-94.9657688,non_academic,,"Carnegie Public Library, Pittsburg, Texas"
Pittsfield,Illinois,1905,7500,39.6081408,-90.8078733,non_academic,,"Carnegie Public Library, Pittsfield, Illinois"
Pittsfield,Maine,1903,10000,44.7830774,-69.3821141,non_academic,,"Carnegie Public Library, Pittsfield, Maine"
Plainfield,Indiana,1911,9000,39.7027895,-86.4030019,non_academic,,"Carnegie Public Library, Plainfield, Indiana"
Plainfield,New Jersey,1911,50000,40.6178887,-74.4176391,non_academic,,"Carnegie Public Library, Plainfield, New Jersey"
Plainview,Nebraska,1915,6000,42.3529036,-97.7889013,non_academic,,"Carnegie Public Library, Plainview, Nebraska"
Plainville,Kansas,1911,5000,39.2336459,-99.3000756,non_academic,,"Carnegie Public Library, Plainville, Kansas"
Plano,Illinois,1904,10250,41.663159,-88.5381320,non_academic,,"Carnegie Public Library, Plano, Illinois"
Platteville,Wisconsin,1914,12500,42.7344678,-90.4805974,non_academic,,"Carnegie Public Library, Platteville, Wisconsin"
Plattsmouth,Nebraska,1915,12500,41.0120186,-95.8840724,non_academic,,"Carnegie Public Library, Plattsmouth, Nebraska"
Plymouth,Indiana,1911,15000,41.3412309,-86.3108146,non_academic,,"Carnegie Public Library, Plymouth, Indiana"
Plymouth,Wisconsin,1908,10000,43.7483974,-87.9765839,non_academic,,"Carnegie Public Library, Plymouth, Wisconsin"
Pocatello,Idaho,1906,12000,42.860321,-112.4525546,non_academic,,"Carnegie Public Library, Pocatello, Idaho"
Polo,Illinois,1903,10000,41.9864478,-89.5805243,non_academic,,"Carnegie Public Library, Polo, Illinois"
Pomeroy,Ohio,1912,10000,39.0258929,-82.0370053,non_academic,,"Carnegie Public Library, Pomeroy, Ohio"
Claremont,California,1905,40000,34.0959933,-117.7160920,academic,,"Carnegie Academic Library, Pomona College"
Pomona,California,1902,25000,34.0539002,-117.7507398,non_academic,,"Carnegie Public Library, Pomona, California"
Ponca City,Oklahoma,1908,6500,36.7038368,-97.0778224,non_academic,,"Carnegie Public Library, Ponca City, Oklahoma"
Ponca,Nebraska,1911,4500,42.5639679,-96.7067321,non_academic,,"Carnegie Public Library, Ponca, Nebraska"
Port Angeles,Washington,1916,12500,48.1157637,-123.4324908,non_academic,,"Carnegie Public Library, Port Angeles, Washington"
Port Huron,Michigan,1902,45000,42.9708634,-82.4249142,non_academic,,"Carnegie Public Library, Port Huron, Michigan"
Port Jervis,New York,1901,30000,41.3762131,-74.6915412,non_academic,,"Carnegie Public Library, Port Jervis, New York"
Port Townsend,Washington,1912,12500,48.1165973,-122.7635443,non_academic,,"Carnegie Public Library, Port Townsend, Washington"
Porterville,California,1907,10000,36.0657099,-119.0174511,non_academic,,"Carnegie Public Library, Porterville, California"
Portland,Indiana,1901,15000,40.4357653,-84.9801469,non_academic,,"Carnegie Public Library, Portland, Indiana"
Portland,Michigan,1905,10000,42.8678602,-84.9053951,non_academic,,"Carnegie Public Library, Portland, Michigan"
Portsmouth,Ohio,1901,50000,38.7317254,-82.9929440,non_academic,,"Carnegie Public Library, Portsmouth, Ohio"
Poseyville,Indiana,1904,5500,38.1683436,-87.7835904,non_academic,,"Carnegie Public Library, Poseyville, Indiana"
Pottsville,Pennsylvania,1916,45000,40.6849417,-76.1969176,non_academic,,"Carnegie Public Library, Pottsville, Pennsylvania"
Prescott,Arizona,1899,4000,34.5416927,-112.4675420,non_academic,,"Carnegie Public Library, Prescott, Arizona"
Presque Isle,Maine,1906,10000,46.6807864,-68.0139280,non_academic,,"Carnegie Public Library, Presque Isle, Maine"
Preston,Idaho,1914,10000,42.0938328,-111.8733418,non_academic,,"Carnegie Public Library, Preston, Idaho"
Preston,Minnesota,1909,8000,43.670138,-92.0836040,non_academic,,"Carnegie Public Library, Preston, Minnesota"
Price,Utah,1913,10000,39.5997689,-110.8079623,non_academic,,"Carnegie Public Library, Price, Utah"
Princeton,Indiana,1903,15000,38.3545298,-87.5683838,non_academic,,"Carnegie Public Library, Princeton, Indiana"
Prosser,Washington,1909,5000,46.2047443,-119.7655421,non_academic,,"Carnegie Public Library, Prosser, Washington"
Provo,Utah,1907,17500,40.234901,-111.6529691,non_academic,,"Carnegie Public Library, Provo, Utah"
Pueblo,Colorado,1902,70000,38.2595209,-104.6199870,non_academic,,"Carnegie Public Library, Pueblo, Colorado"
Puyallup,Washington,1912,12500,47.1895629,-122.2954362,non_academic,,"Carnegie Public Library, Puyallup, Washington"
Cambridge,Massachusetts,1905,73900,42.3748981,-71.1217513,academic,,"Carnegie Academic Library, Radcliffe College"
Ashland,Virginia,1921,60000,37.7631796,-77.4773666,academic,,
Randolph,Nebraska,1916,6000,42.3822237,-97.3531115,non_academic,,"Carnegie Public Library, Randolph, Nebraska"
Rapid City,South Dakota,1914,12500,44.0784976,-103.2290446,non_academic,,"Carnegie Public Library, Rapid City, South Dakota"
Raton,New Mexico,1911,12000,36.9015099,-104.4408009,non_academic,,"Carnegie Public Library, Raton, New Mexico"
Ravenna,Nebraska,1916,7500,41.0261699,-98.9116053,non_academic,,"Carnegie Public Library, Ravenna, Nebraska"
Raymond,New Hampshire,1906,2000,43.036861,-71.1828670,non_academic,,"Carnegie Public Library, Raymond, New Hampshire"
Reading,Massachusetts,1902,15000,42.5239561,-71.1075971,non_academic,,"Carnegie Public Library, Reading, Massachusetts"
Reading,Pennsylvania,1910,111180,40.3365257,-75.9243428,non_academic,,"Carnegie Public Library, Reading, Pennsylvania"
Red Lodge,Montana,1914,15000,45.1900946,-109.2473554,non_academic,,"Carnegie Public Library, Red Lodge, Montana"
Red Oak,Iowa,1906,12500,41.0082833,-95.2301060,non_academic,,"Carnegie Public Library, Red Oak, Iowa"
Red Wing,Minnesota,1901,17000,44.5660691,-92.5369563,non_academic,,"Carnegie Public Library, Red Wing, Minnesota"
Redding,California,1903,10000,40.584696,-122.3905720,non_academic,,"Carnegie Public Library, Redding, California"
Redfield,South Dakota,1902,10000,44.8783219,-98.5180586,non_academic,,"Carnegie Public Library, Redfield, South Dakota"
Redwood City,California,1904,16000,37.4847955,-122.2281410,non_academic,,"Carnegie Public Library, Redwood City, California"
Redwood Falls,Minnesota,1903,10000,44.5373415,-95.1142372,non_academic,,"Carnegie Public Library, Redwood Falls, Minnesota"
Reedsburg,Wisconsin,1911,10000,43.5308053,-90.0055421,non_academic,,"Carnegie Public Library, Reedsburg, Wisconsin"
Reinbeck,Iowa,1916,6000,42.3239088,-92.5996998,non_academic,,"Carnegie Public Library, Reinbeck, Iowa"
Remington,Indiana,1915,10000,40.761629,-87.1506560,non_academic,,"Carnegie Public Library, Remington, Indiana"
Reno,Nevada,1902,15000,39.5225316,-119.8101561,non_academic,,"Carnegie Public Library, Reno, Nevada"
Rensselaer,Indiana,1903,12000,40.9387875,-87.1549720,non_academic,,"Carnegie Public Library, Rensselaer, Indiana"
Renton,Washington,1913,10000,47.4818586,-122.2020435,non_academic,,"Carnegie Public Library, Renton, Washington"
Revere,Massachusetts,1901,20000,42.4080019,-71.0091811,non_academic,,"Carnegie Public Library, Revere, Massachusetts"
Rhinelander,Wisconsin,1903,15000,45.6393253,-89.4109026,non_academic,,"Carnegie Public Library, Rhinelander, Wisconsin"
Rice Lake,Wisconsin,1903,10000,45.5042461,-91.7330798,non_academic,,"Carnegie Public Library, Rice Lake, Wisconsin"
Richfield,Utah,1911,10000,38.7682832,-112.0832436,non_academic,,"Carnegie Public Library, Richfield, Utah"
Richland Center,Wisconsin,1903,10000,43.3376469,-90.3849150,non_academic,,"Carnegie Public Library, Richland Center, Wisconsin"
Richmond,California,1909,17500,37.9364226,-122.3598496,non_academic,,"Carnegie Public Library, Richmond, California"
Richmond,Utah,1912,8000,41.9228653,-111.8096822,non_academic,,"Carnegie Public Library, Richmond, Utah"
Ridge Farm,Illinois,1909,9000,39.8966398,-87.6520245,non_academic,,"Carnegie Public Library, Ridge Farm, Illinois"
Ridley Park,Pennsylvania,1911,10000,39.8808316,-75.3232533,non_academic,,"Carnegie Public Library, Ridley Park, Pennsylvania"
Ripley,Ohio,1913,10000,38.745223,-83.8455140,non_academic,,"Carnegie Public Library, Ripley, Ohio"
Ripon,Wisconsin,1902,12000,43.8440874,-88.8422788,non_academic,,"Carnegie Public Library, Ripon, Wisconsin"
Rising Sun,Indiana,1915,10000,38.949808,-84.8587450,non_academic,,"Carnegie Public Library, Rising Sun, Indiana"
Ritzville,Washington,1906,10500,47.126278,-118.3820660,non_academic,,"Carnegie Public Library, Ritzville, Washington"
Riverbank,California,1917,3000,37.7360111,-120.9357139,non_academic,,"Carnegie Public Library, Riverbank, California"
Riverside,California,1901,52500,33.9806005,-117.3754942,non_academic,,"Carnegie Public Library, Riverside, California"
Roachdale,Indiana,1913,10000,39.8521377,-86.8007448,non_academic,,"Carnegie Public Library, Roachdale, Indiana"
Roann,Indiana,1914,10000,40.9100361,-85.9246802,non_academic,,"Carnegie Public Library, Roann, Indiana"
Robinson,Illinois,1904,11000,39.0053201,-87.7391935,non_academic,,"Carnegie Public Library, Robinson, Illinois"
Rochelle,Illinois,1911,10000,41.9231263,-89.0684600,non_academic,,"Carnegie Public Library, Rochelle, Illinois"
Rochester,Indiana,1904,15000,41.0675846,-86.2199600,non_academic,,"Carnegie Public Library, Rochester, Indiana"
Rochester,New Hampshire,1903,20000,43.30214,-70.9746948,non_academic,,"Carnegie Public Library, Rochester, New Hampshire"
Rock Springs,Wyoming,1907,12500,41.5834424,-109.2188434,non_academic,,"Carnegie Public Library, Rock Springs, Wyoming"
Rockford,Illinois,1901,70000,42.2716416,-89.0962716,non_academic,,"Carnegie Public Library, Rockford, Illinois"
Rockford,Ohio,1910,10000,40.6909271,-84.6460527,non_academic,,"Carnegie Public Library, Rockford, Ohio"
Town of Rockingham,Vermont,1903,15000,43.1307787,-72.4446077,non_academic,,"Carnegie Public Library, Rockingham, Vermont"
Rockland,Maine,1902,20000,44.1034298,-69.1092732,non_academic,,"Carnegie Public Library, Rockland, Maine"
Rockland,Massachusetts,1903,12500,42.1321289,-70.9168330,non_academic,,"Carnegie Public Library, Rockland, Massachusetts"
Rockport,Indiana,1916,17000,37.8818286,-87.0469013,non_academic,,"Carnegie Public Library, Rockport, Indiana"
Rockport,Massachusetts,1903,10000,42.657458,-70.6177570,non_academic,,"Carnegie Public Library, Rockport, Massachusetts"
Rockville Centre,New York,1903,10000,40.6587138,-73.6412406,non_academic,,"Carnegie Public Library, Rockville Centre, New York"
Rockville,Indiana,1914,12500,39.763153,-87.2294800,non_academic,,"Carnegie Public Library, Rockville, Indiana"
Rockwell City,Iowa,1908,8000,42.3959218,-94.6345570,non_academic,,"Carnegie Public Library, Rockwell City, Iowa"
Rocky Ford,Colorado,1907,10000,38.0502708,-103.7192205,non_academic,,"Carnegie Public Library, Rocky Ford, Colorado"
Winter Park,Florida,1905,20000,28.5909851,-81.3492049,academic,,"Carnegie Academic Library, Rollins College"
Rome,Georgia,1909,15000,34.2580521,-85.1690793,non_academic,,"Carnegie Public Library, Rome, Georgia"
Roseville,California,1911,10000,38.7517274,-121.2895180,non_academic,,"Carnegie Public Library, Roseville, California"
Roswell,New Mexico,1903,10000,33.3936879,-104.5229602,non_academic,,"Carnegie Public Library, Roswell, New Mexico"
Royal Center,Indiana,1914,10000,40.8655873,-86.5005824,non_academic,,"Carnegie Public Library, Royal Center, Indiana"
Rumford,Maine,1903,10000,44.5471424,-70.5491649,non_academic,,"Carnegie Public Library, Rumford, Maine"
Rushville,Illinois,1906,7500,40.1211577,-90.5631829,non_academic,,"Carnegie Public Library, Rushville, Illinois"
Russell,Kansas,1905,5800,38.8909831,-98.8589974,non_academic,,"Carnegie Public Library, Russell, Kansas"
Rutherford College,North Carolina,1907,2500,35.7500716,-81.5294716,non_academic,,"Carnegie Public Library, Rutherford College, North Carolina"
Sac City,Iowa,1911,8000,42.4219213,-94.9958762,non_academic,,"Carnegie Public Library, Sac City, Iowa"
Sacramento,California,1914,100000,38.5816683,-121.4950844,non_academic,,"Carnegie Public Library, Sacramento, California"
Salamanca,New York,1917,17500,42.1578412,-78.7150311,non_academic,,"Carnegie Public Library, Salamanca, New York"
Salem,Indiana,1904,16000,38.6074436,-86.1008911,non_academic,,"Carnegie Public Library, Salem, Indiana"
Salem,Ohio,1903,20000,40.9006205,-80.8493173,non_academic,,"Carnegie Public Library, Salem, Ohio"
Salem,Oregon,1907,27500,44.9451173,-123.0368210,non_academic,,"Carnegie Public Library, Salem, Oregon"
Salida,Colorado,1905,9000,38.532766,-105.9930522,non_academic,,"Carnegie Public Library, Salida, Colorado"
Salina,Kansas,1902,15000,38.8401905,-97.6110845,non_academic,,"Carnegie Public Library, Salina, Kansas"
Salinas,California,1907,10000,36.6777372,-121.6555013,non_academic,,"Carnegie Public Library, Salinas, California"
Salt Lake City,Utah,1916,25000,40.756571,-111.9163520,non_academic,,"Carnegie Public Library, Salt Lake City, Utah"
San Anselmo,California,1914,10000,37.9745298,-122.5628015,non_academic,,"Carnegie Public Library, San Anselmo, California"
San Antonio,Texas,1900,70000,29.4233977,-98.4936438,non_academic,,"Carnegie Public Library, San Antonio, Texas"
San Bernardino,California,1902,27600,34.106671,-117.2923577,non_academic,,"Carnegie Public Library, San Bernardino, California"
San Diego,California,1899,60000,32.7180606,-117.1579595,non_academic,,"Carnegie Public Library, San Diego, California"
San Jose,California,1901,57000,37.3354825,-121.8849995,non_academic,2,"Carnegie Public Library, San Jose, California"
San Juan,Puerto Rico,1901,100000,18.4662817,-66.1090259,non_academic,,"Carnegie Public Library, San Juan, Puerto Rico"
San Leandro,California,1907,12000,37.72603,-122.1540461,non_academic,,"Carnegie Public Library, San Leandro, California"
San Luis Obispo,California,1903,10000,35.282667,-120.6608825,non_academic,,"Carnegie Public Library, San Luis Obispo, California"
San Mateo,California,1905,12500,37.5622306,-122.3268275,non_academic,,"Carnegie Public Library, San Mateo, California"
Los Angeles,California,1905,10375,33.7360696,-118.2923791,non_academic,,"Carnegie Public Library, Los Angeles, California"
San Rafael,California,1904,25000,37.975034,-122.5326130,non_academic,,"Carnegie Public Library, San Rafael, California"
Sanborn,Iowa,1911,4000,43.1840738,-95.6561393,non_academic,,"Carnegie Public Library, Sanborn, Iowa"
Sandusky,Ohio,1899,50000,41.4529426,-82.7109257,non_academic,,"Carnegie Public Library, Sandusky, Ohio"
Sanger,California,1914,10000,36.708006,-119.5559652,non_academic,,"Carnegie Public Library, Sanger, California"
Santa Ana,California,1902,15000,33.7454725,-117.8676530,non_academic,,"Carnegie Public Library, Santa Ana, California"
Santa Barbara,California,1914,50000,34.4239841,-119.7033244,non_academic,,"Carnegie Public Library, Santa Barbara, California"
Santa Maria,California,1908,10000,34.9492102,-120.4322973,non_academic,,"Carnegie Public Library, Santa Maria, California"
Santa Rosa,California,1902,26900,38.4412686,-122.7106577,non_academic,,"Carnegie Public Library, Santa Rosa, California"
Sapulpa,Oklahoma,1916,25000,35.9988354,-96.1152323,non_academic,,"Carnegie Public Library, Sapulpa, Oklahoma"
Saugerties,New York,1914,12500,42.0777169,-73.9493711,non_academic,,"Carnegie Public Library, Saugerties, New York"
Saugus,Massachusetts,1916,17000,42.4653527,-71.0100306,non_academic,,"Carnegie Public Library, Saugus, Massachusetts"
Sauk Centre,Minnesota,1903,11000,45.734907,-94.9522140,non_academic,,"Carnegie Public Library, Sauk Centre, Minnesota"
Sault Ste. Marie,Michigan,1901,30000,46.4751996,-84.3240847,non_academic,,"Carnegie Public Library, Sault Ste. Marie, Michigan"
Savanna,Illinois,1903,11350,42.0944069,-90.1551675,non_academic,,"Carnegie Public Library, Savanna, Illinois"
Schenectady,New York,1901,50000,42.8146711,-73.9380335,non_academic,,"Carnegie Public Library, Schenectady, New York"
Schuyler,Nebraska,1911,9000,41.4485221,-97.0576579,non_academic,,"Carnegie Public Library, Schuyler, Nebraska"
Scottsbluff,Nebraska,1917,15000,41.862407,-103.6643520,non_academic,,"Carnegie Public Library, Scottsbluff, Nebraska"
Scottsburg,Indiana,1917,12500,38.6845753,-85.7706294,non_academic,,"Carnegie Public Library, Scottsburg, Indiana"
Sebastopol,California,1911,7500,38.4018671,-122.8254854,non_academic,,"Carnegie Public Library, Sebastopol, California"
Sedalia,Missouri,1899,50000,38.7084808,-93.2308273,non_academic,,"Carnegie Public Library, Sedalia, Missouri"
Sedro-Woolley,Washington,1913,10000,48.50389,-122.2361101,non_academic,,"Carnegie Public Library, Sedro-Woolley, Washington"
Selma,Alabama,1903,11800,32.4069999,-87.0211000,non_academic,,"Carnegie Public Library, Selma, Alabama"
Selma,California,1905,6000,36.5675355,-119.6094963,non_academic,,"Carnegie Public Library, Selma, California"
Seward,Nebraska,1912,8000,40.9062121,-97.0986788,non_academic,,"Carnegie Public Library, Seward, Nebraska"
Seymour,Indiana,1903,10000,38.9583462,-85.8921187,non_academic,,"Carnegie Public Library, Seymour, Indiana"
Sharon,Massachusetts,1913,10000,42.1240926,-71.1782201,non_academic,,"Carnegie Public Library, Sharon, Massachusetts"
Shawano,Wisconsin,1914,10000,44.7810086,-88.6071362,non_academic,,"Carnegie Public Library, Shawano, Wisconsin"
Shawnee,Oklahoma,1904,15500,35.327707,-96.9191445,non_academic,,"Carnegie Public Library, Shawnee, Oklahoma"
Sheboygan,Wisconsin,1901,35000,43.7525577,-87.7136066,non_academic,,"Carnegie Public Library, Sheboygan, Wisconsin"
Sheffield,Illinois,1911,4000,41.3565982,-89.7362858,non_academic,,"Carnegie Public Library, Sheffield, Illinois"
Shelbina,Missouri,1916,10000,39.693376,-92.0410340,non_academic,,"Carnegie Public Library, Shelbina, Missouri"
Shelbyville,Illinois,1903,10000,39.407531,-88.7941284,non_academic,,"Carnegie Public Library, Shelbyville, Illinois"
Shelbyville,Indiana,1901,20000,39.5225968,-85.7788784,non_academic,,"Carnegie Public Library, Shelbyville, Indiana"
Shelbyville,Kentucky,1901,10000,38.2123763,-85.2197164,non_academic,,"Carnegie Public Library, Shelbyville, Kentucky"
Sheldon,Illinois,1915,9000,40.7706123,-87.5621198,non_academic,,"Carnegie Public Library, Sheldon, Illinois"
Sheldon,Iowa,1906,10000,43.17965,-95.8537314,non_academic,,"Carnegie Public Library, Sheldon, Iowa"
Shelton,Nebraska,1913,9000,40.7774043,-98.7336737,non_academic,,"Carnegie Public Library, Shelton, Nebraska"
Shenandoah,Iowa,1903,10000,40.764726,-95.3734868,non_academic,,"Carnegie Public Library, Shenandoah, Iowa"
Sheridan,Indiana,1911,12500,40.1384118,-86.2217707,non_academic,,"Carnegie Public Library, Sheridan, Indiana"
Sheridan,Wyoming,1904,12500,44.8013193,-106.9577559,non_academic,,"Carnegie Public Library, Sheridan, Wyoming"
Sherman,Texas,1912,20000,33.6359356,-96.6097325,non_academic,,"Carnegie Public Library, Sherman, Texas"
Shoals,Indiana,1913,10000,38.6659838,-86.7901043,non_academic,,"Carnegie Public Library, Shoals, Indiana"
Alton,Illinois,1907,15000,38.8906,-90.1843000,academic,,
Sibley,Iowa,1915,10000,43.3994411,-95.7488225,non_academic,,"Carnegie Public Library, Sibley, Iowa"
Sidney,Nebraska,1913,6500,41.1448219,-102.9774497,non_academic,,"Carnegie Public Library, Sidney, Nebraska"
Sigourney,Iowa,1913,10000,41.3333445,-92.2046255,non_academic,,"Carnegie Public Library, Sigourney, Iowa"
Silverton,Colorado,1905,12000,37.8117061,-107.6660818,non_academic,,"Carnegie Public Library, Silverton, Colorado"
Indianola,Iowa,1905,10000,41.362071,-93.5640940,academic,,"Carnegie Academic Library, Simpson College"
Sioux Falls,South Dakota,1901,30000,43.5492177,-96.7289395,non_academic,,"Carnegie Public Library, Sioux Falls, South Dakota"
Sisseton,South Dakota,1914,7500,45.6639119,-97.0468249,non_academic,,"Carnegie Public Library, Sisseton, South Dakota"
Northampton,Massachusetts,1905,62500,42.316749,-72.6357110,academic,,"Carnegie Academic Library, Smith College"
Smithfield,Utah,1918,12000,41.8370796,-111.8332778,non_academic,,"Carnegie Public Library, Smithfield, Utah"
Snohomish,Washington,1909,10000,47.9128756,-122.0981847,non_academic,,"Carnegie Public Library, Snohomish, Washington"
Solvay,New York,1903,10000,43.0576194,-76.2070554,non_academic,,"Carnegie Public Library, Solvay, New York"
Somerset,Kentucky,1905,10000,37.0920222,-84.6041084,non_academic,,"Carnegie Public Library, Somerset, Kentucky"
Sonoma,California,1911,6000,38.291859,-122.4580356,non_academic,,"Carnegie Public Library, Sonoma, California"
South Bend,Washington,1908,10000,46.666515,-123.8140475,non_academic,,"Carnegie Public Library, South Bend, Washington"
Cleveland,Ohio,1903,11800,41.4383531,-81.7071853,non_academic,,"Carnegie Public Library, South Brooklyn, Ohio"
South Hadley,Massachusetts,1905,10000,42.2151564,-72.6015018,non_academic,,"Carnegie Public Library, South Hadley, Massachusetts"
South Haven,Michigan,1904,12500,42.4026956,-86.2713889,non_academic,,"Carnegie Public Library, South Haven, Michigan"
South Milwaukee,Wisconsin,1915,15000,42.9122336,-87.8602530,non_academic,,"Carnegie Public Library, South Milwaukee, Wisconsin"
Norwalk,Connecticut,1908,20000,41.0937079,-73.4187303,non_academic,,"Carnegie Public Library, Norwalk, Connecticut"
Omaha,Nebraska,1901,50000,41.2125017,-95.9765238,non_academic,,"Carnegie Public Library, Omaha, Nebraska"
South Pasadena,California,1906,18600,34.1141152,-118.1558454,non_academic,,"Carnegie Public Library, South Pasadena, California"
South San Francisco,California,1914,10000,37.656397,-122.4140239,non_academic,,"Carnegie Public Library, South San Francisco, California"
Sparta,Michigan,1916,10000,43.1619381,-85.7065978,non_academic,,"Carnegie Public Library, Sparta, Michigan"
Sparta,Wisconsin,1902,12000,43.9465014,-90.8091344,non_academic,,"Carnegie Public Library, Sparta, Wisconsin"
Spartanburg,South Carolina,1903,15000,34.9482922,-81.9304458,non_academic,,"Carnegie Public Library, Spartanburg, South Carolina"
Spencer,Indiana,1911,10000,39.2858038,-86.7634377,non_academic,,"Carnegie Public Library, Spencer, Indiana"
Spencer,Iowa,1903,10000,43.140688,-95.1436800,non_academic,,"Carnegie Public Library, Spencer, Iowa"
Spencer,Nebraska,1915,8000,42.8740009,-98.7011534,non_academic,,"Carnegie Public Library, Spencer, Nebraska"
Spirit Lake,Iowa,1905,8000,43.4247707,-95.1008313,non_academic,,"Carnegie Public Library, Spirit Lake, Iowa"
Spring Valley,Illinois,1912,15000,41.3263756,-89.1972095,non_academic,,"Carnegie Public Library, Spring Valley, Illinois"
Spring Valley,Minnesota,1903,8000,43.6890247,-92.3917879,non_academic,,"Carnegie Public Library, Spring Valley, Minnesota"
Springfield,Illinois,1901,75000,39.7832177,-89.6543177,non_academic,,"Carnegie Public Library, Springfield, Illinois"
Springfield,Missouri,1901,50000,37.2176741,-93.2898568,non_academic,,"Carnegie Public Library, Springfield, Missouri"
Springville,Utah,1916,10000,40.1662362,-111.6100790,non_academic,,"Carnegie Public Library, Springville, Utah"
St. Charles,Illinois,1906,12500,41.9141945,-88.3086867,non_academic,,"Carnegie Public Library, St. Charles, Illinois"
St. Cloud,Minnesota,1901,25000,45.5579451,-94.1632404,non_academic,,"Carnegie Public Library, St. Cloud, Minnesota"
St. George,Utah,1913,8000,37.0965278,-113.5684164,non_academic,,"Carnegie Public Library, St. George, Utah"
St. Helena,California,1906,8362,38.5052429,-122.4703868,non_academic,,"Carnegie Public Library, St. Helena, California"
St. Joseph,Michigan,1902,13500,42.0938577,-86.4895463,non_academic,,"Carnegie Public Library, St. Joseph, Michigan"
Saint Peter,Minnesota,1903,10000,44.3258932,-93.9556910,non_academic,,"Carnegie Public Library, Saint Peter, Minnesota"
St. Petersburg,Florida,1913,17500,27.7671271,-82.6384451,non_academic,,"Carnegie Public Library, St. Petersburg, Florida"
Iron River,Michigan,1914,12500,46.0821043,-88.6272062,non_academic,,"Carnegie Public Library, Iron River, Michigan"
Stamford,Texas,1908,15000,32.9449542,-99.7960255,non_academic,,"Carnegie Public Library, Stamford, Texas"
Stanton,Nebraska,1914,8000,41.9511112,-97.2247408,non_academic,,"Carnegie Public Library, Stanton, Nebraska"
Sterling,Colorado,1915,12500,40.6232793,-103.2112304,non_academic,,"Carnegie Public Library, Sterling, Colorado"
Sterling,Illinois,1903,17500,41.789217,-89.6978511,non_academic,,"Carnegie Public Library, Sterling, Illinois"
Sterling,Kansas,1916,10000,38.21128,-98.2065400,non_academic,,"Carnegie Public Library, Sterling, Kansas"
Steubenville,Ohio,1899,62000,40.3551403,-80.6181307,non_academic,,"Carnegie Public Library, Steubenville, Ohio"
Stevens Point,Wisconsin,1902,21859,44.5235792,-89.5745630,non_academic,,"Carnegie Public Library, Stevens Point, Wisconsin"
Stillwater,Minnesota,1901,27500,45.057612,-92.8099960,non_academic,,"Carnegie Public Library, Stillwater, Minnesota"
Stockton,Kansas,1909,5000,39.4374965,-99.2740587,non_academic,,"Carnegie Public Library, Stockton, Kansas"
Stoneham,Massachusetts,1903,15000,42.4779014,-71.1006798,non_academic,,"Carnegie Public Library, Stoneham, Massachusetts"
Storm Lake,Iowa,1903,10000,42.6449226,-95.1989458,non_academic,,"Carnegie Public Library, Storm Lake, Iowa"
Stoughton,Wisconsin,1905,13000,42.9164909,-89.2181539,non_academic,,"Carnegie Public Library, Stoughton, Wisconsin"
Streator,Illinois,1901,35000,41.1196162,-88.8344463,non_academic,,"Carnegie Public Library, Streator, Illinois"
Stromsburg,Nebraska,1915,7500,41.1138995,-97.5945139,non_academic,,"Carnegie Public Library, Stromsburg, Nebraska"
Stuart,Iowa,1906,6500,41.5034243,-94.3183715,non_academic,,"Carnegie Public Library, Stuart, Iowa"
Sturgeon Bay,Wisconsin,1911,12500,44.8338255,-87.3743750,non_academic,,"Carnegie Public Library, Sturgeon Bay, Wisconsin"
Sturgis,Michigan,1907,10000,41.8009168,-85.4197610,non_academic,,"Carnegie Public Library, Sturgis, Michigan"
Sullivan,Indiana,1903,11000,39.0944092,-87.4115446,non_academic,,"Carnegie Public Library, Sullivan, Indiana"
Sulphur Springs,Texas,1909,12000,33.1384479,-95.6010668,non_academic,,"Carnegie Public Library, Sulphur Springs, Texas"
Summit,New Jersey,1909,21000,40.7151717,-74.3602186,non_academic,,"Carnegie Public Library, Summit, New Jersey"
Sumter,South Carolina,1915,10000,33.9204354,-80.3414693,non_academic,,"Carnegie Public Library, Sumter, South Carolina"
Sunnyside,Washington,1910,5000,46.3210046,-120.0119140,non_academic,,"Carnegie Public Library, Sunnyside, Washington"
Superior,Nebraska,1907,7000,40.0206764,-98.0689660,non_academic,,"Carnegie Public Library, Superior, Nebraska"
Sutton,Nebraska,1909,5700,40.6051824,-97.8598886,non_academic,,"Carnegie Public Library, Sutton, Nebraska"
Swarthmore,Pennsylvania,1906,50000,39.9062751,-75.3561112,academic,,"Carnegie Academic Library, Swarthmore College"
Pittsburgh,Pennsylvania,1914,25000,40.4225531,-79.8911655,non_academic,,"Carnegie Public Library, Swissvale, Pennsylvania"
Sycamore,Illinois,1903,12000,41.9886852,-88.6835359,non_academic,,"Carnegie Public Library, Sycamore, Illinois"
Syracuse,New York,1905,150000,43.0398904,-76.1326017,academic,,"Carnegie Academic Library, Syracuse University"
Syracuse,Indiana,1917,10000,41.4279752,-85.7516625,non_academic,,"Carnegie Public Library, Syracuse, Indiana"
Syracuse,New York,1901,200000,43.050679,-76.1488290,non_academic,,"Carnegie Public Library, Syracuse, New York"
Tacoma,Washington,1901,75000,47.2522926,-122.4448471,non_academic,,"Carnegie Public Library, Tacoma, Washington"
Tahlequah,Oklahoma,1905,10000,35.913099,-94.9731780,non_academic,,"Carnegie Public Library, Tahlequah, Oklahoma"
Talladega,Alabama,1904,15000,33.4333683,-86.1099519,academic,,"Carnegie Academic Library, Talladega College"
Talladega,Alabama,1906,12500,33.4338373,-86.0994663,non_academic,,"Carnegie Public Library, Talladega, Alabama"
Tama,Iowa,1904,8500,41.9632047,-92.5797753,non_academic,,"Carnegie Public Library, Tama, Iowa"
Tampa,Florida,1901,50000,27.9510571,-82.4618519,non_academic,,"Carnegie Public Library, Tampa, Florida"
Taunton,Massachusetts,1902,70000,41.9036977,-71.0947845,non_academic,,"Carnegie Public Library, Taunton, Massachusetts"
Taylorville,Illinois,1903,14000,39.550583,-89.2958050,non_academic,,"Carnegie Public Library, Taylorville, Illinois"
Tecumseh,Michigan,1903,10000,42.0062904,-83.9441833,non_academic,,"Carnegie Public Library, Tecumseh, Michigan"
Tecumseh,Nebraska,1906,6000,40.3667541,-96.1957864,non_academic,,"Carnegie Public Library, Tecumseh, Nebraska"
Tekamah,Nebraska,1914,8000,41.7768804,-96.2217002,non_academic,,"Carnegie Public Library, Tekamah, Nebraska"
Tell City,Indiana,1916,10000,37.9514447,-86.7677663,non_academic,,"Carnegie Public Library, Tell City, Indiana"
Temple,Texas,1902,15000,31.0983556,-97.3421056,non_academic,,"Carnegie Public Library, Temple, Texas"
Terrell,Texas,1903,10000,32.7392266,-96.2808090,non_academic,,"Carnegie Public Library, Terrell, Texas"
The Dalles,Oregon,1907,10000,45.6017716,-121.1848433,non_academic,,"Carnegie Public Library, The Dalles, Oregon"
Theresa,New York,1910,7500,44.2160912,-75.7997955,non_academic,,"Carnegie Public Library, Theresa, New York"
Thermopolis,Wyoming,1917,12500,43.6460672,-108.2120432,non_academic,,"Carnegie Public Library, Thermopolis, Wyoming"
Thief River Falls,Minnesota,1914,12500,48.118491,-96.1795456,non_academic,,"Carnegie Public Library, Thief River Falls, Minnesota"
Thorntown,Indiana,1912,10000,40.130292,-86.6060290,non_academic,,"Carnegie Public Library, Thorntown, Indiana"
Three Rivers,Michigan,1902,12500,41.94582,-85.6350964,non_academic,,"Carnegie Public Library, Three Rivers, Michigan"
Ticonderoga,New York,1904,7000,43.8486707,-73.4234531,non_academic,,"Carnegie Public Library, Ticonderoga, New York"
Tiffin,Ohio,1912,25000,41.115668,-83.1745739,non_academic,,"Carnegie Public Library, Tiffin, Ohio"
Tipton,Indiana,1902,13000,40.280773,-86.0399010,non_academic,,"Carnegie Public Library, Tipton, Indiana"
Tipton,Iowa,1902,10000,41.7673854,-91.1276185,non_academic,,"Carnegie Public Library, Tipton, Iowa"
Tomah,Wisconsin,1915,10000,43.9798265,-90.5041068,non_academic,,"Carnegie Public Library, Tomah, Wisconsin"
Tooele,Utah,1909,5000,40.5310073,-112.3022031,non_academic,,"Carnegie Public Library, Tooele, Utah"
Toulon,Illinois,1914,6000,41.0936481,-89.8648283,non_academic,,"Carnegie Public Library, Toulon, Illinois"
Traer,Iowa,1914,10000,42.1931169,-92.4664656,non_academic,,"Carnegie Public Library, Traer, Iowa"
Traverse City,Michigan,1902,20000,44.7630567,-85.6206317,non_academic,,"Carnegie Public Library, Traverse City, Michigan"
Trinidad,Colorado,1903,15000,37.1689623,-104.5058375,non_academic,,"Carnegie Public Library, Trinidad, Colorado"
Troy,Alabama,1908,10000,31.8084004,-85.9656068,non_academic,,"Carnegie Public Library, Troy, Alabama"
Tucson,Arizona,1899,25000,32.222129,-110.9727574,non_academic,,"Carnegie Public Library, Tucson, Arizona"
Medford,Massachusetts,1904,100000,42.4077668,-71.1221888,academic,,"Carnegie Academic Library, Tufts College"
Tulare,California,1904,10000,36.2077288,-119.3473379,non_academic,,"Carnegie Public Library, Tulare, California"
Tulsa,Oklahoma,1910,55000,36.1495316,-95.9937513,non_academic,,"Carnegie Public Library, Tulsa, Oklahoma"
Turlock,California,1915,10000,37.4945743,-120.8459786,non_academic,,"Carnegie Public Library, Turlock, California"
Montague,Massachusetts,1903,13500,42.6051851,-72.5593562,non_academic,,"Carnegie Public Library, Turners Falls, Massachusetts"
Tuscola,Illinois,1903,10000,39.8001016,-88.2868808,non_academic,,"Carnegie Public Library, Tuscola, Illinois"
Tuskegee,Alabama,1900,20000,32.4275492,-85.7049489,academic,,"Carnegie Academic Library, Tuskegee Institute"
Two Harbors,Minnesota,1908,15000,47.0220694,-91.6715808,non_academic,,"Carnegie Public Library, Two Harbors, Minnesota"
Two Rivers,Wisconsin,1913,12500,44.1434779,-87.5692019,non_academic,,"Carnegie Public Library, Two Rivers, Wisconsin"
Tyler,Texas,1903,15000,32.3512305,-95.3001580,non_academic,,"Carnegie Public Library, Tyler, Texas"
Tyndall,South Dakota,1915,7500,42.9924925,-97.8637969,non_academic,,"Carnegie Public Library, Tyndall, South Dakota"
Ukiah,California,1911,8000,39.1501709,-123.2077831,non_academic,,"Carnegie Public Library, Ukiah, California"
Union City,Indiana,1903,11000,40.2017355,-84.8082210,non_academic,,"Carnegie Public Library, Union City, Indiana"
Union City,Tennessee,1910,10000,36.4242303,-89.0570096,non_academic,,"Carnegie Public Library, Union City, Tennessee"
Union Springs,Alabama,1911,7000,32.1438336,-85.7164002,non_academic,,"Carnegie Public Library, Union Springs, Alabama"
Union,New Jersey,1904,25000,40.6976714,-74.2678202,non_academic,,"Carnegie Public Library, Union, New Jersey"
Union,Oregon,1911,5500,45.2099226,-117.8657142,non_academic,,"Carnegie Public Library, Union, Oregon"
Union,South Carolina,1903,10000,34.7131281,-81.6205682,non_academic,,"Carnegie Public Library, Union, South Carolina"
Unionville,Connecticut,1914,8500,41.7602365,-72.8888458,non_academic,,"Carnegie Public Library, Unionville, Connecticut"
Chicago,Illinois,1907,10000,41.7920886,-87.5999701,academic,,"Carnegie Academic Library, University of Chicago"
Denver,Colorado,1906,30000,39.6778968,-104.9618361,academic,,"Carnegie Academic Library, University of Denver"
Lexington,Kentucky,1906,26500,38.0389,-84.5153000,academic,,University of Kentucky
Orono,Maine,1905,55000,44.8994046,-68.6692796,academic,,"Carnegie Academic Library, University of Maine"
University,Mississippi,1905,25000,34.3654442,-89.5374490,academic,,"Carnegie Academic Library, University of Mississippi"
Durham,New Hampshire,1905,20000,43.138948,-70.9370252,academic,,
Chapel Hill,North Carolina,1905-06,55000,35.9049122,-79.0469134,academic,,
Grand Forks,North Dakota,1906,30000,47.9201396,-97.0762971,academic,,"Carnegie Academic Library, University of North Dakota"
Norman,Oklahoma,1903,30000,35.2080134,-97.4457773,academic,,"Carnegie Academic Library, University of Oklahoma"
Vermillion,South Dakota,1906,40000,42.7861827,-96.9279001,academic,,"Carnegie Academic Library, University of South Dakota"
Knoxville,Tennessee,1905,40000,35.9550925,-83.9297635,academic,,"Carnegie Academic Library, University of Tennessee"
Wichita,Kansas,1905,40000,37.7190782,-97.2915260,academic,,
Lincoln,Nebraska,1915,12500,40.8403659,-96.6504493,non_academic,,"Carnegie Public Library, Lincoln, Nebraska"
Upland,California,1911,10000,34.0988465,-117.6506482,non_academic,,"Carnegie Public Library, Upland, California"
Fayette,Iowa,1901,25000,42.8403232,-91.8002755,academic,,"Carnegie Academic Library, Upper Iowa University"
Upper Sandusky,Ohio,1911,10000,40.8271244,-83.2806624,non_academic,,"Carnegie Public Library, Upper Sandusky, Ohio"
Vacaville,California,1905,12500,38.3574285,-121.9872514,non_academic,,"Carnegie Public Library, Vacaville, California"
Valdosta,Georgia,1912,15000,30.8328597,-83.2771957,non_academic,,"Carnegie Public Library, Valdosta, Georgia"
Vallejo,California,1902,20000,38.101689,-122.2607094,non_academic,,"Carnegie Public Library, Vallejo, California"
Valley City,North Dakota,1901,15000,46.9265774,-98.0027082,non_academic,,"Carnegie Public Library, Valley City, North Dakota"
Valparaiso,Indiana,1906,20000,41.4689663,-87.0593667,non_academic,,"Carnegie Public Library, Valparaiso, Indiana"
Van Buren,Indiana,1917,10000,40.616848,-85.5046980,non_academic,,"Carnegie Public Library, Van Buren, Indiana"
Vancouver,Washington,1908,10000,45.6331277,-122.6712237,non_academic,,"Carnegie Public Library, Vancouver, Washington"
Vermillion,South Dakota,1903,10000,42.7794417,-96.9292104,non_academic,,"Carnegie Public Library, Vermillion, South Dakota"
Vernon,Texas,1915,12500,34.1545306,-99.2650804,non_academic,,"Carnegie Public Library, Vernon, Texas"
Verona,New Jersey,1916,11000,40.8315121,-74.2450419,non_academic,,"Carnegie Public Library, Verona, New Jersey"
Vevay,Indiana,1917,12500,38.746635,-85.0671860,non_academic,,"Carnegie Public Library, Vevay, Indiana"
Vicksburg,Mississippi,1914,25000,32.3466906,-90.8823909,non_academic,,"Carnegie Public Library, Vicksburg, Mississippi"
Vienna,Illinois,1908,6000,37.4138797,-88.8962480,non_academic,,"Carnegie Public Library, Vienna, Illinois"
Villisca,Iowa,1907,10000,40.9299657,-94.9774823,non_academic,,"Carnegie Public Library, Villisca, Iowa"
Vinalhaven,Maine,1906,5200,44.0484538,-68.8312834,non_academic,,"Carnegie Public Library, Vinalhaven, Maine"
Vincennes,Indiana,1910,35000,38.6791951,-87.5238252,non_academic,,"Carnegie Public Library, Vincennes, Indiana"
Vineland,New Jersey,1903,12000,39.4869392,-75.0430969,non_academic,,"Carnegie Public Library, Vineland, New Jersey"
Vinton,Iowa,1903,12500,42.16636,-92.0225490,non_academic,,"Carnegie Public Library, Vinton, Iowa"
Virginia,Minnesota,1904,10000,47.5216302,-92.5390370,non_academic,,"Carnegie Public Library, Virginia, Minnesota"
Viroqua,Wisconsin,1904,10000,43.5550251,-90.8902362,non_academic,,"Carnegie Public Library, Viroqua, Wisconsin"
Visalia,California,1903,10000,36.3327814,-119.2940542,non_academic,,"Carnegie Public Library, Visalia, California"
Wabash,Indiana,1901,20000,40.7988178,-85.8239939,non_academic,,"Carnegie Public Library, Wabash, Indiana"
Waco,Texas,1902,30000,31.5467586,-97.1437399,non_academic,,"Carnegie Public Library, Waco, Texas"
Wagner,South Dakota,1915,5000,43.0805995,-98.2889407,non_academic,,"Carnegie Public Library, Wagner, South Dakota"
Wagoner,Oklahoma,1911,10000,35.9618469,-95.3764695,non_academic,,"Carnegie Public Library, Wagoner, Oklahoma"
Walla Walla,Washington,1903,25000,46.0672336,-118.3343177,non_academic,,"Carnegie Public Library, Walla Walla, Washington"
Wallace,Idaho,1910,12000,47.4741449,-115.9261562,non_academic,,"Carnegie Public Library, Wallace, Idaho"
Walnut Creek,California,1915,2500,37.9100783,-122.0651819,non_academic,,"Carnegie Public Library, Walnut Creek, California"
Walpole,Massachusetts,1901,15000,42.1447343,-71.2502526,non_academic,,"Carnegie Public Library, Walpole, Massachusetts"
Walton,Indiana,1914,10000,40.6610947,-86.2426971,non_academic,,"Carnegie Public Library, Walton, Indiana"
Warren,Illinois,1910,7000,42.4962952,-89.9867834,non_academic,,"Carnegie Public Library, Warren, Illinois"
Warren,Indiana,1917,10000,40.6834845,-85.4254743,non_academic,,"Carnegie Public Library, Warren, Indiana"
Warren,Ohio,1903,28384,41.2377406,-80.8184590,non_academic,,"Carnegie Public Library, Warren, Ohio"
Warsaw,Indiana,1915,15000,41.2384385,-85.8534601,non_academic,,"Carnegie Public Library, Warsaw, Indiana"
Warsaw,New York,1904,12500,42.7424964,-78.1322097,non_academic,,"Carnegie Public Library, Warsaw, New York"
Topeka,Kansas,1904,40000,39.0334683,-95.7018738,academic,,
Washburn,Wisconsin,1903,18000,46.6727173,-90.8953033,non_academic,,"Carnegie Public Library, Washburn, Wisconsin"
Lexington,Virginia,1905,55000,37.791782,-79.4438223,academic,,"Carnegie Academic Library, Washington and Lee University"
WSHNGTN CT HS,Ohio,1901,15500,39.536485,-83.4370680,non_academic,,"Carnegie Public Library, Washington Court House, Ohio"
Washington,Indiana,1901,20000,38.657306,-87.1792280,non_academic,,"Carnegie Public Library, Washington, Indiana"
Washington,Kansas,1908,5000,39.818719,-97.0502505,non_academic,,"Carnegie Public Library, Washington, Kansas"
Waterloo,Indiana,1913,9000,41.4297015,-85.0196301,non_academic,,"Carnegie Public Library, Waterloo, Indiana"
Waterman,Illinois,1913,3500,41.7690407,-88.7736458,non_academic,,"Carnegie Public Library, Waterman, Illinois"
Watertown,South Dakota,1903,10000,44.8994088,-97.1150732,non_academic,,"Carnegie Public Library, Watertown, South Dakota"
Watertown,Wisconsin,1905,20000,43.1942087,-88.7264244,non_academic,,"Carnegie Public Library, Watertown, Wisconsin"
Waterville,Maine,1902,20000,44.551279,-69.6319206,non_academic,,"Carnegie Public Library, Waterville, Maine"
Watsonville,California,1903,12000,36.9088267,-121.7556954,non_academic,,"Carnegie Public Library, Watsonville, California"
Los Angeles,California,1913,10000,33.9432188,-118.2435083,non_academic,,"Carnegie Public Library, Los Angeles, California"
Waukegan,Illinois,1903,27500,42.3605363,-87.8331795,non_academic,,"Carnegie Public Library, Waukegan, Illinois"
Waukesha,Wisconsin,1902,15000,43.0081669,-88.2332031,non_academic,,"Carnegie Public Library, Waukesha, Wisconsin"
Waupaca,Wisconsin,1913,10000,44.3576619,-89.0842561,non_academic,,"Carnegie Public Library, Waupaca, Wisconsin"
Waupun,Wisconsin,1904,11653,43.6314111,-88.7314553,non_academic,,"Carnegie Public Library, Waupun, Wisconsin"
Wausau,Wisconsin,1903,29000,44.9597456,-89.6305299,non_academic,,"Carnegie Public Library, Wausau, Wisconsin"
Wauseon,Ohio,1903,8000,41.5459532,-84.1411639,non_academic,,"Carnegie Public Library, Wauseon, Ohio"
Wauwatosa,Wisconsin,1905,6000,43.0494572,-88.0075875,non_academic,,"Carnegie Public Library, Wauwatosa, Wisconsin"
Waveland,Indiana,1914,10000,39.8783037,-87.0443222,non_academic,,"Carnegie Public Library, Waveland, Indiana"
Waverly,Illinois,1911,4500,39.5933908,-89.9536434,non_academic,,"Carnegie Public Library, Waverly, Illinois"
Waverly,Iowa,1903,10000,42.7272032,-92.4668511,non_academic,,"Carnegie Public Library, Waverly, Iowa"
Wayne,Nebraska,1911,9000,42.2332309,-97.0197805,non_academic,,"Carnegie Public Library, Wayne, Nebraska"
Waynesboro,Virginia,1914,8000,38.0684692,-78.8894682,non_academic,,"Carnegie Public Library, Waynesboro, Virginia"
Webb City,Missouri,1913,25000,37.1445621,-94.4649590,non_academic,,"Carnegie Public Library, Webb City, Missouri"
Wellesley,Massachusetts,1905-15,227446,42.2915304,-71.3063758,academic,,"Carnegie Academic Library, Wellesley College"
Wellington,Kansas,1915,17500,37.266997,-97.3990230,non_academic,,"Carnegie Public Library, Wellington, Kansas"
Aurora,New York,1908-22,67949,42.7442687,-76.6965816,academic,,
Wellsville,Ohio,1912,10000,40.6041334,-80.6464999,non_academic,,"Carnegie Public Library, Wellsville, Ohio"
Wenatchee,Washington,1909,10000,47.4233722,-120.3147316,non_academic,,"Carnegie Public Library, Wenatchee, Washington"
Wessington Springs,South Dakota,1917,7000,44.0791261,-98.5722021,non_academic,,"Carnegie Public Library, Wessington Springs, South Dakota"
West Allis,Wisconsin,1913,15000,43.0115809,-88.0054239,non_academic,,"Carnegie Public Library, West Allis, Wisconsin"
Birmingham,Alabama,1909,10000,33.4903842,-86.8658243,non_academic,,"Carnegie Public Library, Birmingham, Alabama"
West Haven,Connecticut,1906,10000,41.2705484,-72.9469711,non_academic,,"Carnegie Public Library, West Haven, Connecticut"
Hoboken,New Jersey,1902,25000,40.7441216,-74.0326827,non_academic,,"Carnegie Public Library, Hoboken, New Jersey"
West Lebanon,Indiana,1915,7500,40.2727798,-87.3869066,non_academic,,"Carnegie Public Library, West Lebanon, Indiana"
West Liberty,Iowa,1904,7500,41.571495,-91.2615550,non_academic,,"Carnegie Public Library, West Liberty, Iowa"
West Point,Mississippi,1913,10000,33.6039763,-88.6471548,non_academic,,"Carnegie Public Library, West Point, Mississippi"
West Springfield,Massachusetts,1915,25000,42.1052147,-72.6221815,non_academic,,"Carnegie Public Library, West Springfield, Massachusetts"
Tampa,Florida,1913,17500,27.9533546,-82.4892617,non_academic,,"Carnegie Public Library, Tampa, Florida"
Westfield,Indiana,1910,9000,40.0427376,-86.1277491,non_academic,,"Carnegie Public Library, Westfield, Indiana"
Westfield,New Jersey,1904,15000,40.6499023,-74.3502368,non_academic,,"Carnegie Public Library, Westfield, New Jersey"
Westville,Indiana,1913,8000,41.541354,-86.8988000,non_academic,,"Carnegie Public Library, Westville, Indiana"
Wheatland,Wyoming,1916,12500,42.0565816,-104.9528945,non_academic,,"Carnegie Public Library, Wheatland, Wyoming"
White Bear Lake,Minnesota,1912,5000,45.0502625,-93.0153510,non_academic,,"Carnegie Public Library, White Bear Lake, Minnesota"
White Plains,New York,1904,40000,41.0339862,-73.7629097,non_academic,,"Carnegie Public Library, White Plains, New York"
Whitefield,New Hampshire,1903,7500,44.3739307,-71.6107610,non_academic,,"Carnegie Public Library, Whitefield, New Hampshire"
Whiting,Indiana,1904,15000,41.681646,-87.4939406,non_academic,,"Carnegie Public Library, Whiting, Indiana"
Whittier,California,1904,12500,33.9791793,-118.0328440,non_academic,,"Carnegie Public Library, Whittier, California"
Wichita,Kansas,1912,75000,37.6868677,-97.3372306,non_academic,,"Carnegie Public Library, Wichita, Kansas"
Wilberforce,Ohio,1904,17950,39.710391,-83.8794070,academic,,"Carnegie Academic Library, Wilberforce University"
Marshall,Texas,1906,15000,32.5384595,-94.3752124,academic,,
Liberty,Missouri,1906,30000,39.2471751,-94.4119976,academic,,"Carnegie Academic Library, William Jewell College"
Williamsport,Indiana,1916,8000,40.2883704,-87.2938999,non_academic,,"Carnegie Public Library, Williamsport, Indiana"
Willits,California,1913,8000,39.4096079,-123.3555656,non_academic,,"Carnegie Public Library, Willits, California"
Willmar,Minnesota,1903,11000,45.1193959,-95.0492804,non_academic,,"Carnegie Public Library, Willmar, Minnesota"
Willoughby,Ohio,1906,14500,41.6393985,-81.4073357,non_academic,,"Carnegie Public Library, Willoughby, Ohio"
Willows,California,1910,10000,39.522057,-122.2001580,non_academic,,"Carnegie Public Library, Willows, California"
Wilmette,Illinois,1903,11000,42.0722513,-87.7228384,non_academic,,"Carnegie Public Library, Wilmette, Illinois"
Wilmington,Ohio,1902,12500,39.4490149,-83.8277449,non_academic,,"Carnegie Public Library, Wilmington, Ohio"
Winamac,Indiana,1911,10000,41.0510852,-86.6006417,non_academic,,"Carnegie Public Library, Winamac, Indiana"
Winchester,Illinois,1908,7500,39.6336593,-90.4564956,non_academic,,"Carnegie Public Library, Winchester, Illinois"
Winchester,Indiana,1906,12000,40.1733487,-84.9802311,non_academic,,"Carnegie Public Library, Winchester, Indiana"
Winfield,Kansas,1902,15000,37.2406132,-96.9957147,non_academic,,"Carnegie Public Library, Winfield, Kansas"
Winnsboro,Texas,1908,10000,32.9560358,-95.2880006,non_academic,,"Carnegie Public Library, Winnsboro, Texas"
Winston-Salem,North Carolina,1903,15000,36.0998596,-80.2442160,non_academic,,"Carnegie Public Library, Winston-Salem, North Carolina"
Winterset,Iowa,1904,10000,41.3351499,-94.0120547,non_academic,,"Carnegie Public Library, Winterset, Iowa"
Rock Hill,South Carolina,1904,30000,34.9394013,-81.0319970,academic,,
Los Angeles,California,1904-05,18868,34.083779,-118.4822521,academic,,
Woodbine,Iowa,1909,7500,41.7368272,-95.7036826,non_academic,,"Carnegie Public Library, Woodbine, Iowa"
Woodburn,Oregon,1914,10000,45.1427953,-122.8585067,non_academic,,"Carnegie Public Library, Woodburn, Oregon"
Woodland,California,1903,22000,38.6791033,-121.7735483,non_academic,,"Carnegie Public Library, Woodland, California"
Woodward,Oklahoma,1915,10000,36.4336481,-99.3903862,non_academic,,"Carnegie Public Library, Woodward, Oklahoma"
Wooster,Ohio,1903,15000,40.798237,-81.9399145,non_academic,,"Carnegie Public Library, Wooster, Ohio"
Worthington,Indiana,1917,10000,39.1197547,-86.9755859,non_academic,,"Carnegie Public Library, Worthington, Indiana"
Worthington,Minnesota,1903,10000,43.6219368,-95.5955929,non_academic,,"Carnegie Public Library, Worthington, Minnesota"
Wyandotte,Michigan,1911,17500,42.2142064,-83.1499239,non_academic,,"Carnegie Public Library, Wyandotte, Michigan"
Wymore,Nebraska,1914,10000,40.1215667,-96.6632461,non_academic,,"Carnegie Public Library, Wymore, Nebraska"
Wyoming,Illinois,1913,5600,41.0625657,-89.7727578,non_academic,,"Carnegie Public Library, Wyoming, Illinois"
Xenia,Ohio,1902,23500,39.686549,-83.9288097,non_academic,,"Carnegie Public Library, Xenia, Ohio"
Yankton,South Dakota,1904,17000,42.9134704,-97.4029471,academic,,
Yankton,South Dakota,1902,12000,42.8733639,-97.3942113,non_academic,,"Carnegie Public Library, Yankton, South Dakota"
Yates Center,Kansas,1910,7500,37.8831428,-95.7321262,non_academic,,"Carnegie Public Library, Yates Center, Kansas"
Yolo,California,1917,3000,38.732968,-121.8072828,non_academic,,"Carnegie Public Library, Yolo, California"
Yonkers,New York,1901,50000,40.9292927,-73.8978610,non_academic,,"Carnegie Public Library, Yonkers, New York"
Youngstown,Ohio,1908,50000,41.1030434,-80.6465925,non_academic,,"Carnegie Public Library, Youngstown, Ohio"
Yreka,California,1913,8000,41.732205,-122.6376832,non_academic,,"Carnegie Public Library, Yreka, California"
Yuma,Arizona,1917,10000,32.7238725,-114.6225714,non_academic,,"Carnegie Public Library, Yuma, Arizona"
Zanesville,Ohio,1905,54000,39.943913,-82.0055740,non_academic,,"Carnegie Public Library, Zanesville, Ohio"
Zumbrota,Minnesota,1906,6500,44.2956135,-92.6711015,non_academic,,"Carnegie Public Library, Zumbrota, Minnesota"
